State,Account length,Area code,International plan,Voice mail plan,Number vmail messages,Total day minutes,Total day calls,Total day charge,Total eve minutes,Total eve calls,Total eve charge,Total night minutes,Total night calls,Total night charge,Total intl minutes,Total intl calls,Total intl charge,Customer service calls,Churn,International_plan,Voice_mail_plan,Total_minutes,Total_calls,Total_charge,Avg_call_duration,Churn_Risk_Score,Risk_Category
LA,117,408,No,No,0,184.5,97,31.37,351.6,80,29.89,215.8,90,9.71,8.7,4,2.35,1,0,0,0,760.6000000000001,271,73.32,2.8066420664206646,0.19,Low Risk
IN,65,415,No,No,0,129.1,137,21.95,228.5,83,19.42,208.8,111,9.4,12.7,6,3.43,4,1,0,0,579.1000000000001,337,54.2,1.71839762611276,0.81,High Risk
NY,161,415,No,No,0,332.9,67,56.59,317.8,97,27.01,160.6,128,7.23,5.4,9,1.46,4,1,0,0,816.7,301,92.29,2.7132890365448508,0.9,High Risk
SC,111,415,No,No,0,110.4,103,18.77,137.3,102,11.67,189.6,105,8.53,7.7,6,2.08,2,0,0,0,445.0,316,41.05,1.4082278481012658,0.07,Low Risk
HI,49,510,No,No,0,119.3,117,20.28,215.1,109,18.28,178.7,90,8.04,11.1,1,3.0,1,0,0,0,524.1999999999999,317,49.6,1.6536277602523657,0.02,Low Risk
AK,36,408,No,Yes,30,146.3,128,24.87,162.5,80,13.81,129.3,109,5.82,14.5,6,3.92,0,0,0,1,452.6,323,48.42,1.4012383900928793,0.02,Low Risk
MI,65,415,No,No,0,211.3,120,35.92,162.6,122,13.82,134.7,118,6.06,13.2,5,3.56,3,0,0,0,521.8,365,59.36000000000001,1.4295890410958902,0.0,Low Risk
ID,119,415,No,No,0,159.1,114,27.05,231.3,117,19.66,143.2,91,6.44,8.8,3,2.38,5,1,0,0,542.3999999999999,325,55.53,1.6689230769230765,0.88,High Risk
VA,10,408,No,No,0,186.1,112,31.64,190.2,66,16.17,282.8,57,12.73,11.4,6,3.08,2,0,0,0,670.4999999999999,241,63.620000000000005,2.782157676348547,0.01,Low Risk
WI,68,415,No,No,0,148.8,70,25.3,246.5,164,20.95,129.8,103,5.84,12.1,3,3.27,3,0,0,0,537.2,340,55.36000000000001,1.58,0.0,Low Risk
MN,74,510,No,Yes,33,193.7,91,32.93,246.1,96,20.92,138.0,92,6.21,14.6,3,3.94,2,0,0,1,592.4,282,64.0,2.100709219858156,0.01,Low Risk
HI,85,415,No,No,0,235.8,109,40.09,157.2,94,13.36,188.2,99,8.47,12.0,3,3.24,0,0,0,0,593.2,305,65.16,1.9449180327868854,0.0,Low Risk
MN,46,415,No,No,0,214.1,72,36.4,164.4,104,13.97,177.5,113,7.99,8.2,3,2.21,2,0,0,0,564.2,292,60.57,1.932191780821918,0.0,Low Risk
VT,128,510,No,Yes,29,179.3,104,30.48,225.9,86,19.2,323.0,78,14.54,8.6,7,2.32,0,0,0,1,736.8000000000001,275,66.53999999999999,2.6792727272727275,0.03,Low Risk
LA,155,415,No,No,0,203.4,100,34.58,190.9,104,16.23,196.0,119,8.82,8.9,4,2.4,0,1,0,0,599.1999999999999,327,62.03,1.8324159021406725,0.66,Medium Risk
MT,73,415,No,No,0,160.1,110,27.22,213.3,72,18.13,174.1,72,7.83,13.0,4,3.51,0,0,0,0,560.5,258,56.68999999999999,2.1724806201550386,0.0,Low Risk
ID,77,415,No,No,0,251.8,72,42.81,205.7,126,17.48,275.2,109,12.38,9.8,7,2.65,2,1,0,0,742.5,314,75.32000000000001,2.3646496815286624,0.92,High Risk
MA,108,415,No,No,0,178.3,137,30.31,189.0,76,16.07,129.1,102,5.81,14.6,5,3.94,0,0,0,0,511.0,320,56.129999999999995,1.596875,0.0,Low Risk
KY,95,408,No,No,0,135.0,99,22.95,183.6,106,15.61,245.3,102,11.04,12.5,9,3.38,1,0,0,0,576.4000000000001,316,52.980000000000004,1.8240506329113928,0.02,Low Risk
MI,36,510,No,Yes,29,281.4,102,47.84,202.2,76,17.19,187.2,113,8.42,9.0,6,2.43,2,0,0,1,679.8,297,75.88000000000001,2.2888888888888888,0.17,Low Risk
CO,141,415,No,Yes,32,148.6,91,25.26,131.1,97,11.14,219.4,142,9.87,10.1,1,2.73,1,0,0,1,509.20000000000005,331,49.0,1.5383685800604232,0.01,Low Risk
AZ,63,415,No,No,0,58.9,125,10.01,169.6,59,14.42,211.4,88,9.51,9.4,3,2.54,1,0,0,0,449.29999999999995,275,36.48,1.6338181818181816,0.02,Low Risk
ID,97,408,No,No,0,239.8,125,40.77,214.8,111,18.26,143.3,81,6.45,8.7,5,2.35,2,0,0,0,606.6000000000001,322,67.83,1.8838509316770191,0.02,Low Risk
CA,75,408,No,No,0,166.3,125,28.27,158.2,86,13.45,256.7,80,11.55,6.1,5,1.65,1,0,0,0,587.3000000000001,296,54.919999999999995,1.9841216216216218,0.01,Low Risk
WA,127,408,No,No,0,146.7,91,24.94,203.5,78,17.3,203.4,110,9.15,13.7,3,3.7,1,0,0,0,567.3000000000001,282,55.09,2.0117021276595746,0.0,Low Risk
LA,121,408,No,No,0,181.5,121,30.86,218.4,98,18.56,161.6,103,7.27,8.5,5,2.3,1,0,0,0,570.0,327,58.989999999999995,1.7431192660550459,0.02,Low Risk
NE,117,415,No,No,0,102.8,119,17.48,206.7,91,17.57,299.0,105,13.46,10.1,7,2.73,1,0,0,0,618.6,322,51.239999999999995,1.9211180124223604,0.02,Low Risk
OH,65,408,No,No,0,187.9,116,31.94,157.6,117,13.4,227.3,86,10.23,7.5,6,2.03,1,0,0,0,580.3,325,57.60000000000001,1.7855384615384613,0.01,Low Risk
MO,6,510,No,No,0,183.6,117,31.21,256.7,72,21.82,178.6,79,8.04,10.2,2,2.75,1,0,0,0,629.1,270,63.82,2.33,0.01,Low Risk
AL,32,510,No,No,0,230.9,87,39.25,187.4,90,15.93,154.0,53,6.93,6.3,2,1.7,0,0,0,0,578.5999999999999,232,63.81,2.493965517241379,0.04,Low Risk
NH,64,408,No,Yes,27,182.1,91,30.96,169.7,98,14.42,164.7,86,7.41,10.6,5,2.86,2,0,0,1,527.1,280,55.650000000000006,1.8825,0.0,Low Risk
NM,25,415,No,No,0,119.3,87,20.28,211.5,101,17.98,268.9,86,12.1,10.5,4,2.84,3,0,0,0,610.2,278,53.2,2.1949640287769787,0.01,Low Risk
OR,65,415,No,No,0,116.8,87,19.86,178.9,93,15.21,182.4,150,8.21,14.1,2,3.81,1,0,0,0,492.20000000000005,332,47.09,1.482530120481928,0.02,Low Risk
MI,127,415,No,No,0,202.1,103,34.36,229.4,86,19.5,195.2,113,8.78,11.5,3,3.11,2,0,0,0,638.2,305,65.75,2.092459016393443,0.0,Low Risk
AZ,93,415,No,No,0,271.6,71,46.17,229.4,108,19.5,77.3,121,3.48,10.9,3,2.94,2,0,0,0,589.1999999999999,303,72.09,1.9445544554455443,0.09,Low Risk
TX,208,510,No,No,0,326.5,67,55.51,176.3,113,14.99,181.7,102,8.18,10.7,6,2.89,2,1,0,0,695.2,288,81.57000000000001,2.413888888888889,0.93,High Risk
IN,122,415,No,No,0,243.8,98,41.45,83.9,72,7.13,179.8,84,8.09,13.7,8,3.7,2,0,0,0,521.2,262,60.370000000000005,1.9893129770992368,0.05,Low Risk
LA,99,415,No,No,0,241.1,72,40.99,155.6,98,13.23,188.2,109,8.47,11.6,10,3.13,1,0,0,0,596.5,289,65.82,2.06401384083045,0.0,Low Risk
MS,65,415,No,No,0,136.1,112,23.14,272.9,96,23.2,220.2,104,9.91,4.4,2,1.19,1,0,0,0,633.6,314,57.44,2.0178343949044586,0.01,Low Risk
IN,65,415,No,No,0,213.4,111,36.28,234.5,94,19.93,250.1,123,11.25,2.7,4,0.73,1,0,0,0,700.7,332,68.19000000000001,2.110542168674699,0.02,Low Risk
KY,45,415,No,Yes,22,196.6,84,33.42,313.2,92,26.62,163.3,108,7.35,11.9,3,3.21,0,0,0,1,684.9999999999999,287,70.6,2.386759581881533,0.33,Medium Risk
MN,139,510,No,No,0,134.4,106,22.85,211.3,98,17.96,193.6,125,8.71,10.2,2,2.75,5,1,0,0,549.5000000000001,331,52.27,1.6601208459214505,0.94,High Risk
WY,215,510,No,No,0,83.6,148,14.21,120.9,91,10.28,226.6,110,10.2,10.7,9,2.89,0,0,0,0,441.8,358,37.58,1.2340782122905027,0.08,Low Risk
AZ,94,408,No,No,0,181.8,85,30.91,202.4,98,17.2,245.9,97,11.07,9.2,2,2.48,4,0,0,0,639.3000000000001,282,61.66,2.2670212765957447,0.05,Low Risk
NM,119,510,No,Yes,23,154.0,114,26.18,278.0,137,23.63,228.4,112,10.28,11.8,4,3.19,2,0,0,1,672.1999999999999,367,63.28,1.8316076294277928,0.02,Low Risk
MI,86,510,No,Yes,41,119.0,101,20.23,230.0,134,19.55,236.9,58,10.66,9.5,3,2.57,0,0,0,1,595.4,296,53.01,2.0114864864864863,0.0,Low Risk
FL,106,408,No,Yes,32,165.9,126,28.2,216.5,93,18.4,173.1,86,7.79,14.1,8,3.81,4,0,0,1,569.6,313,58.199999999999996,1.8198083067092652,0.12,Low Risk
KS,92,408,Yes,No,0,62.6,111,10.64,180.6,126,15.35,221.7,80,9.98,10.4,2,2.81,1,1,1,0,475.29999999999995,319,38.78,1.4899686520376174,0.66,Medium Risk
SC,78,510,No,No,0,168.3,110,28.61,221.2,73,18.8,241.0,136,10.85,12.5,1,3.38,1,0,0,0,643.0,320,61.64,2.009375,0.0,Low Risk
NC,155,408,No,No,0,262.4,55,44.61,194.6,113,16.54,146.5,85,6.59,8.3,6,2.24,2,0,0,0,611.8,259,69.97999999999999,2.362162162162162,0.01,Low Risk
MO,64,510,No,Yes,48,94.4,104,16.05,136.2,101,11.58,147.4,89,6.63,4.5,4,1.22,0,0,0,1,382.5,298,35.480000000000004,1.2835570469798658,0.0,Low Risk
WA,83,415,No,No,0,221.4,103,37.64,231.8,103,19.7,122.5,100,5.51,9.8,5,2.65,3,0,0,0,585.5,311,65.5,1.882636655948553,0.01,Low Risk
SD,144,408,No,Yes,48,189.8,96,32.27,123.4,67,10.49,214.2,106,9.64,6.5,2,1.76,2,1,0,1,533.9000000000001,271,54.160000000000004,1.9701107011070114,0.04,Low Risk
MT,143,415,No,No,0,172.3,97,29.29,174.0,108,14.79,188.2,119,8.47,13.0,4,3.51,2,0,0,0,547.5,328,56.059999999999995,1.6692073170731707,0.01,Low Risk
MN,81,415,No,No,0,198.4,93,33.73,210.9,108,17.93,193.3,71,8.7,10.4,6,2.81,2,0,0,0,613.0,278,63.17,2.2050359712230216,0.0,Low Risk
SD,145,408,No,Yes,24,147.5,90,25.08,175.7,108,14.93,252.1,102,11.34,15.6,3,4.21,2,0,0,1,590.9,303,55.559999999999995,1.9501650165016502,0.04,Low Risk
OK,89,510,No,No,0,303.9,95,51.66,260.9,114,22.18,312.1,89,14.04,5.3,3,1.43,1,1,0,0,882.1999999999999,301,89.31,2.930897009966777,0.95,High Risk
CT,199,415,No,Yes,34,230.6,121,39.2,219.4,99,18.65,299.3,94,13.47,8.0,2,2.16,0,0,0,1,757.3,316,73.48,2.396518987341772,0.08,Low Risk
CT,96,415,No,Yes,37,172.7,93,29.36,120.1,116,10.21,216.1,86,9.72,10.3,5,2.78,5,1,0,1,519.1999999999999,300,52.07,1.7306666666666664,0.89,High Risk
MN,94,415,No,No,0,181.5,98,30.86,199.9,88,16.99,287.7,114,12.95,6.6,5,1.78,1,0,0,0,675.6999999999999,305,62.58,2.2154098360655734,0.03,Low Risk
FL,127,415,No,No,0,266.6,106,45.32,264.8,168,22.51,207.2,119,9.32,5.9,2,1.59,1,1,0,0,744.5000000000001,395,78.74000000000001,1.8848101265822788,0.84,High Risk
RI,121,408,No,No,0,170.4,108,28.97,350.5,68,29.79,297.0,87,13.37,11.2,3,3.02,0,1,0,0,829.1,266,75.14999999999999,3.1169172932330826,0.89,High Risk
IN,122,408,No,No,0,296.4,99,50.39,214.8,89,18.26,133.9,107,6.03,11.4,3,3.08,4,1,0,0,656.5,298,77.76,2.203020134228188,0.86,High Risk
AL,121,408,No,Yes,35,68.7,95,11.68,209.2,69,17.78,197.4,42,8.88,11.4,4,3.08,1,0,0,1,486.69999999999993,210,41.42,2.3176190476190475,0.02,Low Risk
OR,77,510,No,No,0,233.8,104,39.75,266.5,94,22.65,212.7,104,9.57,7.6,3,2.05,2,0,0,0,720.6,305,74.02,2.3626229508196723,0.08,Low Risk
MS,64,408,Yes,No,0,236.2,77,40.15,218.6,85,18.58,194.1,97,8.73,13.2,2,3.56,2,1,1,0,662.1,261,71.02,2.5367816091954025,0.8,High Risk
CA,124,408,Yes,No,0,244.6,89,41.58,188.8,80,16.05,206.0,114,9.27,11.3,4,3.05,1,0,1,0,650.6999999999999,287,69.94999999999999,2.2672473867595815,0.15,Low Risk
DE,148,415,No,No,0,124.4,83,21.15,179.7,81,15.27,253.0,99,11.39,11.3,6,3.05,0,0,0,0,568.4,269,50.86,2.1130111524163566,0.01,Low Risk
MS,77,408,No,No,0,230.0,87,39.1,103.2,138,8.77,309.6,136,13.93,11.3,3,3.05,2,0,0,0,654.0999999999999,364,64.85000000000001,1.7969780219780218,0.0,Low Risk
NC,135,415,No,No,0,201.8,81,34.31,225.0,114,19.13,204.4,82,9.2,10.3,6,2.78,1,0,0,0,641.5,283,65.42,2.26678445229682,0.0,Low Risk
SD,87,415,No,Yes,21,214.0,113,36.38,180.0,114,15.3,134.5,82,6.05,10.6,5,2.86,0,0,0,1,539.1,314,60.59,1.7168789808917198,0.0,Low Risk
NH,54,510,No,No,0,210.5,102,35.79,204.5,83,17.38,127.8,53,5.75,8.5,5,2.3,1,0,0,0,551.3,243,61.22,2.2687242798353906,0.01,Low Risk
MA,35,415,No,No,0,105.6,129,17.95,258.2,129,21.95,213.1,77,9.59,8.7,3,2.35,0,0,0,0,585.6,338,51.839999999999996,1.7325443786982249,0.01,Low Risk
TX,84,408,No,No,0,138.6,102,23.56,199.0,93,16.92,204.1,137,9.18,7.8,4,2.11,0,0,0,0,549.5,336,51.77,1.6354166666666667,0.0,Low Risk
OR,94,415,No,No,0,234.4,103,39.85,279.3,109,23.74,234.2,121,10.54,2.0,2,0.54,1,1,0,0,749.9000000000001,335,74.67,2.2385074626865675,0.72,High Risk
UT,96,408,No,Yes,26,145.8,108,24.79,192.2,89,16.34,165.1,96,7.43,9.9,2,2.67,1,0,0,1,513.0,295,51.23,1.7389830508474575,0.01,Low Risk
NV,64,415,No,No,0,97.2,80,16.52,186.2,90,15.83,189.0,92,8.5,10.4,6,2.81,2,0,0,0,482.79999999999995,268,43.660000000000004,1.8014925373134327,0.04,Low Risk
NE,85,415,No,No,0,259.8,85,44.17,242.3,117,20.6,168.8,72,7.6,5.4,1,1.46,0,0,0,0,676.3000000000001,275,73.83,2.4592727272727277,0.06,Low Risk
AZ,117,408,No,No,0,239.9,84,40.78,174.8,106,14.86,209.5,93,9.43,9.8,2,2.65,0,0,0,0,634.0,285,67.72,2.2245614035087717,0.01,Low Risk
DC,112,415,No,Yes,16,221.6,110,37.67,130.2,123,11.07,200.0,108,9.0,11.3,3,3.05,1,0,0,1,563.0999999999999,344,60.79,1.6369186046511626,0.0,Low Risk
MA,129,510,Yes,No,0,192.9,131,32.79,185.5,101,15.77,205.2,130,9.23,10.9,4,2.94,1,0,1,0,594.4999999999999,366,60.730000000000004,1.62431693989071,0.1,Low Risk
AZ,140,408,No,No,0,173.2,91,29.44,196.8,106,16.73,209.3,128,9.42,11.2,5,3.02,3,0,0,0,590.5,330,58.61000000000001,1.7893939393939393,0.02,Low Risk
MI,81,415,No,No,0,153.5,99,26.1,197.6,102,16.8,198.5,86,8.93,6.3,2,1.7,2,0,0,0,555.9,289,53.53000000000001,1.9235294117647057,0.0,Low Risk
TX,70,510,No,No,0,59.5,103,10.12,257.2,106,21.86,208.3,86,9.37,11.1,6,3.0,0,0,0,0,536.1,301,44.349999999999994,1.781063122923588,0.05,Low Risk
ID,79,510,No,Yes,21,264.3,79,44.93,202.8,118,17.24,173.4,92,7.8,6.3,3,1.7,4,0,0,1,646.8,292,71.67,2.2150684931506848,0.03,Low Risk
AL,85,408,No,No,0,127.9,107,21.74,271.2,124,23.05,202.2,76,9.1,12.5,5,3.38,0,0,0,0,613.8,312,57.27,1.9673076923076922,0.0,Low Risk
SD,91,510,No,No,0,149.0,115,25.33,245.3,105,20.85,260.0,94,11.7,8.3,3,2.24,0,0,0,0,662.5999999999999,317,60.12,2.0902208201892742,0.0,Low Risk
LA,149,415,No,Yes,20,198.9,77,33.81,274.0,88,23.29,190.7,76,8.58,14.3,9,3.86,1,0,0,1,677.8999999999999,250,69.54,2.7115999999999993,0.03,Low Risk
AZ,60,415,No,No,0,98.2,88,16.69,180.5,69,15.34,223.6,69,10.06,9.3,2,2.51,2,0,0,0,511.59999999999997,228,44.6,2.2438596491228067,0.03,Low Risk
RI,115,408,No,No,0,147.9,109,25.14,228.4,117,19.41,299.7,90,13.49,9.6,9,2.59,3,0,0,0,685.6,325,60.629999999999995,2.109538461538462,0.02,Low Risk
OH,144,415,No,Yes,18,106.4,109,18.09,108.1,113,9.19,208.4,111,9.38,10.1,5,2.73,1,0,0,1,433.0,338,39.39,1.2810650887573964,0.05,Low Risk
AZ,86,415,No,Yes,32,70.9,163,12.05,166.7,121,14.17,244.9,105,11.02,11.1,5,3.0,3,0,0,1,493.6,394,40.239999999999995,1.2527918781725889,0.04,Low Risk
MI,139,415,No,Yes,20,214.6,101,36.48,235.1,132,19.98,162.8,132,7.33,14.8,12,4.0,0,0,0,1,627.3,377,67.78999999999999,1.6639257294429708,0.04,Low Risk
NV,124,408,No,No,0,151.1,123,25.69,187.4,104,15.93,255.4,93,11.49,5.3,3,1.43,1,0,0,0,599.1999999999999,323,54.540000000000006,1.8551083591331268,0.02,Low Risk
MA,102,510,Yes,No,0,233.8,103,39.75,221.6,131,18.84,146.9,106,6.61,12.8,3,3.46,0,0,1,0,615.0999999999999,343,68.66,1.7932944606413992,0.1,Low Risk
IN,78,415,No,No,0,208.9,119,35.51,252.4,132,21.45,280.2,120,12.61,12.8,7,3.46,0,0,0,0,754.3,378,73.02999999999999,1.9955026455026454,0.03,Low Risk
AL,55,415,Yes,No,0,191.9,91,32.62,256.1,110,21.77,203.7,101,9.17,14.3,6,3.86,1,1,1,0,666.0,308,67.42,2.1623376623376624,0.82,High Risk
RI,129,415,No,Yes,33,119.6,104,20.33,278.7,88,23.69,263.4,175,11.85,5.9,2,1.59,2,0,0,1,667.5999999999999,369,57.46,1.8092140921409212,0.06,Low Risk
ME,75,408,Yes,No,0,211.3,61,35.92,105.6,119,8.98,175.9,63,7.92,9.7,4,2.62,4,1,1,0,502.49999999999994,247,55.440000000000005,2.0344129554655868,0.84,High Risk
SD,126,415,No,Yes,23,114.3,102,19.43,190.3,103,16.18,240.4,111,10.82,12.6,7,3.4,3,0,0,1,557.6,323,49.83,1.7263157894736842,0.0,Low Risk
MO,92,415,No,No,0,154.0,122,26.18,329.8,88,28.03,288.0,117,12.96,5.6,2,1.51,3,1,0,0,777.4,329,68.68,2.362917933130699,0.78,High Risk
OK,52,408,No,No,0,214.7,68,36.5,158.6,138,13.48,123.4,114,5.55,9.4,4,2.54,2,0,0,0,506.0999999999999,324,58.07,1.5620370370370367,0.0,Low Risk
IL,87,510,No,No,0,231.3,105,39.32,171.7,108,14.59,67.7,136,3.05,13.0,6,3.51,1,0,0,0,483.7,355,60.46999999999999,1.3625352112676057,0.03,Low Risk
NJ,95,415,No,Yes,22,40.9,126,6.95,133.4,90,11.34,264.2,91,11.89,11.9,7,3.21,0,0,0,1,450.4,314,33.39,1.4343949044585986,0.04,Low Risk
LA,67,510,No,No,0,310.4,97,52.77,66.5,123,5.65,246.5,99,11.09,9.2,10,2.48,4,0,0,0,632.6,329,71.99000000000001,1.9227963525835867,0.12,Low Risk
OR,165,415,No,No,0,216.6,126,36.82,190.8,104,16.22,224.7,123,10.11,12.4,8,3.35,0,0,0,0,644.4999999999999,361,66.5,1.7853185595567864,0.03,Low Risk
RI,150,415,No,Yes,29,209.9,77,35.68,158.0,52,13.43,141.9,113,6.39,6.6,1,1.78,0,0,0,1,516.4,243,57.28,2.125102880658436,0.05,Low Risk
NC,26,415,No,No,0,234.5,109,39.87,216.5,129,18.4,191.6,94,8.62,3.5,6,0.95,3,0,0,0,646.1,338,67.84,1.9115384615384616,0.01,Low Risk
MD,79,510,No,Yes,31,103.1,90,17.53,243.0,135,20.66,76.4,92,3.44,12.2,8,3.29,3,0,0,1,434.7,325,44.919999999999995,1.3375384615384616,0.0,Low Risk
WI,69,510,Yes,No,0,279.8,90,47.57,248.7,91,21.14,171.0,118,7.69,8.4,10,2.27,2,1,1,0,707.9,309,78.67,2.2909385113268605,0.94,High Risk
VT,95,510,Yes,Yes,41,136.8,91,23.26,200.8,61,17.07,133.7,67,6.02,10.3,9,2.78,5,1,1,1,481.6,228,49.129999999999995,2.112280701754386,0.89,High Risk
NY,157,415,No,No,0,224.5,111,38.17,200.7,99,17.06,116.6,118,5.25,11.5,2,3.11,2,0,0,0,553.3,330,63.59,1.6766666666666665,0.0,Low Risk
VT,80,415,No,No,0,160.6,103,27.3,237.0,109,20.15,245.1,88,11.03,10.7,1,2.89,1,0,0,0,653.4000000000001,301,61.370000000000005,2.1707641196013294,0.02,Low Risk
AZ,75,510,No,Yes,37,121.5,97,20.66,271.4,110,23.07,248.7,97,11.19,11.3,5,3.05,2,0,0,1,652.8999999999999,309,57.97,2.1129449838187697,0.0,Low Risk
WV,44,510,No,No,0,228.1,121,38.78,276.5,79,23.5,279.8,77,12.59,9.9,5,2.67,2,1,0,0,794.3000000000001,282,77.54,2.816666666666667,0.95,High Risk
OK,101,408,No,No,0,89.7,118,15.25,260.1,79,22.11,170.1,93,7.65,13.5,11,3.65,5,1,0,0,533.4,301,48.66,1.7720930232558139,0.77,High Risk
WI,117,408,No,Yes,14,80.2,81,13.63,219.0,103,18.62,122.6,102,5.52,8.6,2,2.32,1,0,0,1,430.4,288,40.089999999999996,1.4944444444444445,0.0,Low Risk
PA,82,408,No,No,0,125.7,96,21.37,207.6,137,17.65,183.1,103,8.24,12.9,2,3.48,1,0,0,0,529.3,338,50.739999999999995,1.5659763313609467,0.0,Low Risk
NY,39,408,No,No,0,160.4,68,27.27,102.6,103,8.72,235.3,106,10.59,9.1,5,2.46,2,0,0,0,507.40000000000003,282,49.04,1.799290780141844,0.02,Low Risk
NM,30,415,No,No,0,169.9,144,28.88,225.2,118,19.14,169.7,93,7.64,11.4,7,3.08,1,0,0,0,576.1999999999999,362,58.739999999999995,1.5917127071823203,0.0,Low Risk
NC,63,415,No,Yes,29,142.3,107,24.19,118.7,56,10.09,240.1,91,10.8,6.6,8,1.78,1,0,0,1,507.70000000000005,262,46.86,1.9377862595419848,0.01,Low Risk
WY,111,415,No,No,0,146.2,55,24.85,261.5,83,22.23,163.2,116,7.34,8.7,3,2.35,3,0,0,0,579.6,257,56.77,2.2552529182879377,0.0,Low Risk
PA,91,510,No,No,0,231.8,120,39.41,150.6,106,12.8,269.2,129,12.11,11.6,7,3.13,3,0,0,0,663.1999999999999,362,67.44999999999999,1.8320441988950273,0.07,Low Risk
NV,105,415,Yes,Yes,29,220.7,82,37.52,217.7,110,18.5,190.5,100,8.57,13.2,6,3.56,1,1,1,1,642.1,298,68.15,2.1546979865771814,0.74,High Risk
WA,166,408,Yes,Yes,35,128.2,138,21.79,274.5,113,23.33,298.9,130,13.45,8.8,7,2.38,2,0,1,1,710.3999999999999,388,60.949999999999996,1.830927835051546,0.06,Low Risk
FL,79,510,No,No,0,130.2,119,22.13,290.9,121,24.73,194.8,140,8.77,14.0,6,3.78,3,0,0,0,629.9,386,59.41,1.631865284974093,0.05,Low Risk
ME,105,408,No,Yes,33,209.6,68,35.63,146.9,140,12.49,121.0,131,5.44,10.6,3,2.86,2,0,0,1,488.1,342,56.42,1.4271929824561405,0.03,Low Risk
LA,172,415,No,No,0,215.7,140,36.67,146.3,84,12.44,264.6,83,11.91,7.1,1,1.92,3,0,0,0,633.7,308,62.94,2.0574675324675327,0.01,Low Risk
KS,121,408,No,No,0,150.7,105,25.62,197.3,133,16.77,169.0,116,7.61,9.2,15,2.48,1,0,0,0,526.2,369,52.48,1.4260162601626019,0.02,Low Risk
ND,88,415,No,No,0,161.5,92,27.46,173.5,108,14.75,206.2,95,9.28,7.9,4,2.13,2,0,0,0,549.1,299,53.620000000000005,1.836454849498328,0.01,Low Risk
WV,153,408,No,Yes,28,235.6,74,40.05,227.9,37,19.37,170.3,103,7.66,15.4,9,4.16,0,0,0,1,649.1999999999999,223,71.24,2.911210762331838,0.15,Low Risk
AR,54,415,No,Yes,39,206.9,143,35.17,127.8,72,10.86,199.2,120,8.96,9.2,1,2.48,3,0,0,1,543.1,336,57.47,1.6163690476190478,0.01,Low Risk
CA,79,510,No,No,0,157.6,85,26.79,194.1,92,16.5,231.5,86,10.42,9.4,10,2.54,5,1,0,0,592.6,273,56.25,2.170695970695971,0.66,Medium Risk
MN,55,415,No,No,0,175.6,147,29.85,161.8,118,13.75,289.5,55,13.03,9.3,4,2.51,0,0,0,0,636.1999999999999,324,59.14,1.9635802469135801,0.0,Low Risk
MT,109,408,No,No,0,264.7,69,45.0,305.0,120,25.93,197.4,86,8.88,9.5,9,2.57,1,1,0,0,776.6,284,82.38,2.7345070422535214,0.94,High Risk
SD,65,408,No,Yes,31,282.3,70,47.99,152.0,89,12.92,225.5,93,10.15,12.0,4,3.24,1,0,0,1,671.8,256,74.3,2.62421875,0.05,Low Risk
MT,27,510,No,No,0,193.8,102,32.95,118.9,104,10.11,135.9,124,6.12,9.2,3,2.48,0,0,0,0,457.8,333,51.66,1.3747747747747747,0.02,Low Risk
WV,32,408,No,Yes,26,266.7,109,45.34,232.3,107,19.75,212.8,98,9.58,16.3,4,4.4,1,0,0,1,728.0999999999999,318,79.07000000000001,2.2896226415094336,0.08,Low Risk
CT,3,415,No,Yes,36,118.1,117,20.08,221.5,125,18.83,103.9,89,4.68,11.9,6,3.21,2,0,0,1,455.4,337,46.8,1.3513353115727003,0.0,Low Risk
DE,119,415,No,No,0,176.8,90,30.06,224.7,81,19.1,204.6,77,9.21,7.5,15,2.03,1,0,0,0,613.6,263,60.4,2.333079847908745,0.0,Low Risk
LA,43,415,No,No,0,241.9,101,41.12,129.4,121,11.0,264.8,104,11.92,5.9,3,1.59,1,0,0,0,642.0,329,65.63,1.9513677811550152,0.0,Low Risk
KS,116,510,No,No,0,189.5,90,32.22,189.8,118,16.13,205.8,83,9.26,13.1,2,3.54,1,0,0,0,598.2,293,61.14999999999999,2.041638225255973,0.0,Low Risk
WV,107,415,No,No,0,123.1,100,20.93,158.4,82,13.46,256.1,82,11.52,9.3,5,2.51,0,0,0,0,546.9,269,48.419999999999995,2.033085501858736,0.0,Low Risk
ND,123,408,No,No,0,159.1,94,27.05,241.6,119,20.54,202.4,120,9.11,6.5,1,1.76,1,0,0,0,609.6,334,58.46,1.8251497005988024,0.02,Low Risk
AK,110,408,No,No,0,100.1,90,17.02,233.3,93,19.83,204.4,57,9.2,11.1,8,3.0,3,0,0,0,548.9,248,49.05,2.2133064516129033,0.01,Low Risk
ME,176,415,No,No,0,223.2,76,37.94,214.4,131,18.22,154.4,80,6.95,10.1,2,2.73,3,0,0,0,602.1,289,65.84,2.083391003460208,0.0,Low Risk
MN,13,510,No,Yes,21,315.6,105,53.65,208.9,71,17.76,260.1,123,11.7,12.1,3,3.27,3,0,0,1,796.7,302,86.38,2.638079470198676,0.1,Low Risk
KS,88,415,No,No,0,189.8,111,32.27,197.3,101,16.77,234.5,111,10.55,14.9,3,4.02,2,0,0,0,636.5,326,63.61,1.9524539877300613,0.03,Low Risk
NJ,92,510,No,Yes,29,155.4,110,26.42,188.5,104,16.02,254.9,118,11.47,8.0,4,2.16,3,0,0,1,606.8,336,56.06999999999999,1.8059523809523808,0.01,Low Risk
WI,165,510,No,No,0,154.2,91,26.21,268.6,108,22.83,188.8,99,8.5,10.9,4,2.94,6,0,0,0,622.5,302,60.48,2.0612582781456954,0.07,Low Risk
AR,156,415,No,No,0,178.8,94,30.4,178.4,97,15.16,169.2,77,7.61,7.5,3,2.03,1,0,0,0,533.9000000000001,271,55.2,1.9701107011070114,0.02,Low Risk
WA,63,408,No,No,0,149.3,104,25.38,273.6,75,23.26,206.6,72,9.3,9.1,4,2.46,0,0,0,0,638.6,255,60.4,2.504313725490196,0.0,Low Risk
ID,83,415,Yes,Yes,32,94.7,111,16.1,154.4,98,13.12,200.4,109,9.02,10.6,6,2.86,2,0,1,1,460.1,324,41.099999999999994,1.4200617283950618,0.11,Low Risk
VA,158,415,No,No,0,222.8,101,37.88,203.0,128,17.26,210.6,106,9.48,6.9,2,1.86,2,0,0,0,643.3,337,66.48,1.9089020771513352,0.04,Low Risk
WV,115,510,Yes,No,0,249.9,95,42.48,242.5,104,20.61,151.7,121,6.83,15.3,6,4.13,1,1,1,0,659.3999999999999,326,74.05,2.022699386503067,0.79,High Risk
UT,103,510,No,Yes,36,87.2,92,14.82,169.3,110,14.39,166.7,80,7.5,10.9,5,2.94,6,1,0,1,434.09999999999997,287,39.65,1.5125435540069685,0.85,High Risk
NJ,64,415,No,No,0,224.8,111,38.22,190.0,101,16.15,221.4,110,9.96,9.2,2,2.48,1,0,0,0,645.4000000000001,324,66.81,1.9919753086419756,0.0,Low Risk
MS,86,510,No,Yes,39,261.2,122,44.4,214.2,101,18.21,154.9,101,6.97,12.7,5,3.43,2,0,0,1,643.0,329,73.01,1.9544072948328268,0.05,Low Risk
ME,151,415,No,Yes,26,196.5,98,33.41,175.8,111,14.94,221.8,124,9.98,13.4,5,3.62,0,0,0,1,607.5,338,61.949999999999996,1.797337278106509,0.03,Low Risk
NM,87,510,Yes,No,0,167.3,119,28.44,198.5,119,16.87,133.1,88,5.99,11.0,6,2.97,1,0,1,0,509.9,332,54.27,1.5358433734939758,0.12,Low Risk
TX,90,415,No,No,0,109.6,88,18.63,137.6,108,11.7,159.7,121,7.19,11.0,5,2.97,2,0,0,0,417.9,322,40.489999999999995,1.2978260869565217,0.01,Low Risk
LA,108,510,No,Yes,30,276.6,99,47.02,220.1,113,18.71,177.9,95,8.01,9.8,6,2.65,2,0,0,1,684.4,313,76.39000000000001,2.186581469648562,0.09,Low Risk
TN,33,415,No,Yes,35,186.8,124,31.76,261.0,69,22.19,317.8,103,14.3,15.0,5,4.05,0,0,0,1,780.6,301,72.3,2.593355481727575,0.2,Low Risk
WI,149,415,Yes,Yes,28,126.9,97,21.57,166.9,102,14.19,145.2,77,6.53,8.8,3,2.38,5,1,1,1,447.8,279,44.67,1.6050179211469535,0.88,High Risk
MT,106,510,No,No,0,169.4,107,28.8,197.2,71,16.76,202.2,79,9.1,10.7,4,2.89,1,0,0,0,579.5,261,57.550000000000004,2.2203065134099615,0.0,Low Risk
ND,167,408,Yes,No,0,219.1,100,37.25,242.9,90,20.65,168.9,101,7.6,10.1,4,2.73,2,0,1,0,641.0,295,68.23,2.1728813559322036,0.13,Low Risk
WI,35,510,No,Yes,27,241.7,87,41.09,142.0,101,12.07,288.9,68,13.0,9.4,4,2.54,1,0,0,1,681.9999999999999,260,68.7,2.6230769230769226,0.04,Low Risk
MO,107,415,No,Yes,22,281.1,83,47.79,143.7,130,12.21,239.4,128,10.77,11.2,9,3.02,1,0,0,1,675.4000000000001,350,73.78999999999999,1.929714285714286,0.13,Low Risk
AZ,92,415,Yes,Yes,45,281.1,88,47.79,198.0,103,16.83,94.3,76,4.24,7.5,3,2.03,0,0,1,1,580.9,270,70.89,2.1514814814814813,0.12,Low Risk
VT,38,415,No,No,0,137.8,86,23.43,286.3,76,24.34,167.0,77,7.52,14.1,3,3.81,2,0,0,0,605.2,242,59.099999999999994,2.5008264462809917,0.03,Low Risk
VA,68,408,Yes,No,0,148.5,126,25.25,219.4,125,18.65,198.5,121,8.93,14.5,7,3.92,1,1,1,0,580.9,379,56.75,1.5327176781002638,0.83,High Risk
NE,123,510,No,No,0,194.0,118,32.98,242.0,114,20.57,146.3,108,6.58,12.1,4,3.27,1,0,0,0,594.4,344,63.4,1.727906976744186,0.0,Low Risk
WA,75,510,No,Yes,41,130.9,115,22.25,203.4,110,17.29,171.7,68,7.73,12.4,4,3.35,1,0,0,1,518.4,297,50.62,1.7454545454545454,0.01,Low Risk
NM,153,408,No,No,0,185.3,127,31.5,208.0,73,17.68,206.1,124,9.27,15.1,3,4.08,1,0,0,0,614.5,327,62.53,1.879204892966361,0.06,Low Risk
FL,143,415,No,No,0,119.1,117,20.25,287.7,136,24.45,223.0,100,10.04,12.2,4,3.29,0,0,0,0,642.0,357,58.03,1.7983193277310925,0.02,Low Risk
SC,87,408,No,No,0,322.5,106,54.83,204.6,93,17.39,186.2,128,8.38,9.4,4,2.54,2,1,0,0,722.6999999999999,331,83.14,2.183383685800604,0.99,High Risk
IN,100,510,No,No,0,216.2,107,36.75,215.6,84,18.33,138.4,127,6.23,10.2,3,2.75,0,0,0,0,580.4,321,64.06,1.80809968847352,0.01,Low Risk
FL,144,415,No,Yes,51,283.9,98,48.26,192.0,109,16.32,196.3,85,8.83,10.0,4,2.7,1,0,0,1,682.2,296,76.11,2.30472972972973,0.08,Low Risk
ND,70,415,No,Yes,31,125.9,101,21.4,196.4,102,16.69,252.7,75,11.37,10.3,4,2.78,1,0,0,1,585.3,282,52.24,2.0755319148936167,0.01,Low Risk
MA,136,408,Yes,No,0,199.6,89,33.93,211.4,96,17.97,72.4,84,3.26,11.0,4,2.97,3,1,1,0,494.4,273,58.129999999999995,1.810989010989011,0.72,High Risk
MO,120,415,No,Yes,24,212.7,73,36.16,257.5,103,21.89,227.8,119,10.25,9.7,13,2.62,2,0,0,1,707.7,308,70.92,2.297727272727273,0.03,Low Risk
WY,104,408,No,No,0,183.6,133,31.21,120.7,98,10.26,215.1,112,9.68,12.7,2,3.43,1,0,0,0,532.1,345,54.58,1.5423188405797101,0.0,Low Risk
CA,75,510,No,Yes,38,163.6,132,27.81,146.7,113,12.47,345.8,115,15.56,13.1,3,3.54,3,0,0,1,669.1999999999999,363,59.38,1.843526170798898,0.02,Low Risk
NE,127,510,Yes,No,0,180.9,114,30.75,209.5,118,17.81,249.9,105,11.25,7.4,4,2.0,2,0,1,0,647.6999999999999,341,61.81,1.8994134897360702,0.08,Low Risk
ID,122,510,No,Yes,33,270.8,96,46.04,220.4,110,18.73,169.9,104,7.65,11.8,8,3.19,4,0,0,1,672.9,318,75.61,2.1160377358490567,0.03,Low Risk
VT,124,415,No,No,0,178.4,72,30.33,233.6,134,19.86,179.4,91,8.07,12.0,2,3.24,0,0,0,0,603.4,299,61.5,2.0180602006688964,0.0,Low Risk
MO,167,415,Yes,No,0,244.8,91,41.62,60.8,105,5.17,176.7,110,7.95,10.7,3,2.89,2,0,1,0,493.0,309,57.63,1.5954692556634305,0.08,Low Risk
VA,89,415,No,Yes,32,209.9,113,35.68,249.8,104,21.23,224.2,92,10.09,8.7,7,2.35,1,0,0,1,692.6000000000001,316,69.35,2.1917721518987348,0.0,Low Risk
VT,73,408,No,No,0,213.0,95,36.21,188.8,104,16.05,136.2,89,6.13,13.5,3,3.65,0,0,0,0,551.5,291,62.040000000000006,1.895189003436426,0.03,Low Risk
MS,1,415,No,No,0,144.8,107,24.62,112.5,66,9.56,218.7,79,9.84,13.8,3,3.73,1,0,0,0,489.8,255,47.74999999999999,1.9207843137254903,0.01,Low Risk
KY,60,408,No,No,0,135.4,134,23.02,205.9,85,17.5,204.0,103,9.18,7.9,4,2.13,1,0,0,0,553.1999999999999,326,51.83,1.696932515337423,0.0,Low Risk
WV,77,510,No,No,0,67.7,68,11.51,195.7,86,16.63,236.5,137,10.64,12.0,2,3.24,1,0,0,0,511.9,293,42.02,1.7470989761092148,0.01,Low Risk
DC,76,415,No,No,0,224.4,121,38.15,147.9,97,12.57,183.8,74,8.27,6.7,2,1.81,2,0,0,0,562.8000000000001,294,60.8,1.9142857142857146,0.0,Low Risk
IA,63,510,No,No,0,153.5,81,26.1,287.3,115,24.42,230.2,85,10.36,6.5,5,1.76,2,0,0,0,677.5,286,62.64,2.3688811188811187,0.02,Low Risk
MN,150,415,No,Yes,28,174.4,75,29.65,169.9,80,14.44,201.6,130,9.07,11.0,4,2.97,1,0,0,1,556.9,289,56.129999999999995,1.9269896193771625,0.02,Low Risk
VT,101,415,No,No,0,153.8,89,26.15,234.0,89,19.89,196.3,77,8.83,11.6,2,3.13,4,0,0,0,595.7,257,58.0,2.317898832684825,0.1,Low Risk
AK,132,415,No,Yes,39,175.7,93,29.87,187.2,94,15.91,225.5,118,10.15,8.6,3,2.32,2,0,0,1,597.0,308,58.25,1.9383116883116882,0.01,Low Risk
CA,158,510,No,No,0,155.9,123,26.5,224.2,112,19.06,221.0,116,9.95,8.6,8,2.32,2,0,0,0,609.7,359,57.830000000000005,1.6983286908077995,0.02,Low Risk
MS,114,415,No,Yes,34,154.4,109,26.25,221.4,142,18.82,208.5,103,9.38,10.3,5,2.78,0,0,0,1,594.5999999999999,359,57.230000000000004,1.656267409470752,0.06,Low Risk
AR,77,415,No,Yes,23,209.7,73,35.65,183.6,63,15.61,205.5,111,9.25,7.1,3,1.92,2,0,0,1,605.9,250,62.43,2.4236,0.01,Low Risk
NJ,107,415,No,No,0,212.1,95,36.06,150.1,88,12.76,219.8,111,9.89,7.7,2,2.08,3,0,0,0,589.7,296,60.79,1.9922297297297298,0.0,Low Risk
NJ,48,510,No,Yes,22,152.0,63,25.84,258.8,131,22.0,263.2,109,11.84,15.7,5,4.24,2,1,0,1,689.7,308,63.92000000000001,2.2392857142857143,0.68,Medium Risk
TN,59,415,No,No,0,160.9,95,27.35,251.2,65,21.35,273.4,97,12.3,5.0,5,1.35,3,0,0,0,690.5,262,62.35,2.635496183206107,0.02,Low Risk
DE,129,510,No,No,0,334.3,118,56.83,192.1,104,16.33,191.0,83,8.59,10.4,6,2.81,0,1,0,0,727.8,311,84.56,2.340192926045016,0.96,High Risk
TX,50,510,No,No,0,188.9,94,32.11,203.9,104,17.33,151.8,124,6.83,11.6,8,3.13,3,0,0,0,556.2,330,59.4,1.6854545454545455,0.0,Low Risk
MI,50,415,No,Yes,35,192.6,97,32.74,135.2,101,11.49,216.2,101,9.73,7.9,2,2.13,2,0,0,1,551.9,301,56.09000000000001,1.8335548172757474,0.0,Low Risk
MS,116,415,No,No,0,217.3,91,36.94,216.1,95,18.37,148.1,76,6.66,11.3,3,3.05,2,0,0,0,592.8,265,65.02,2.2369811320754716,0.0,Low Risk
OK,52,510,No,Yes,38,169.3,88,28.78,225.9,97,19.2,172.0,86,7.74,8.2,3,2.21,0,0,0,1,575.4000000000001,274,57.93000000000001,2.1000000000000005,0.01,Low Risk
ND,12,510,Yes,No,0,216.7,117,36.84,116.5,126,9.9,220.0,110,9.9,9.8,4,2.65,2,0,1,0,563.0,357,59.29,1.57703081232493,0.09,Low Risk
ND,105,510,No,No,0,246.4,83,41.89,256.2,101,21.78,169.0,151,7.61,3.8,4,1.03,0,0,0,0,675.4,339,72.31,1.992330383480826,0.01,Low Risk
NY,104,415,No,No,0,156.2,93,26.55,193.0,54,16.41,222.7,94,10.02,13.1,5,3.54,1,0,0,0,585.0,246,56.52,2.3780487804878048,0.0,Low Risk
WV,13,415,No,No,0,146.4,74,24.89,148.5,92,12.62,216.7,96,9.75,11.3,3,3.05,1,0,0,0,522.9,265,50.309999999999995,1.9732075471698112,0.0,Low Risk
WV,67,408,No,No,0,167.8,91,28.53,167.7,69,14.25,110.3,71,4.96,8.4,12,2.27,1,0,0,0,454.2,243,50.010000000000005,1.8691358024691358,0.02,Low Risk
DC,148,415,No,Yes,11,252.9,129,42.99,284.3,88,24.17,262.8,99,11.83,12.3,1,3.32,1,0,0,1,812.3,317,82.30999999999999,2.5624605678233436,0.1,Low Risk
MN,116,510,No,No,0,201.8,82,34.31,231.5,95,19.68,226.1,130,10.17,16.5,5,4.46,0,0,0,0,675.9,312,68.61999999999999,2.166346153846154,0.05,Low Risk
DE,131,408,No,No,0,94.4,80,16.05,215.1,101,18.28,179.7,108,8.09,13.1,9,3.54,2,0,0,0,502.3,298,45.96,1.6855704697986578,0.06,Low Risk
VT,119,510,No,No,0,190.4,74,32.37,215.6,113,18.33,161.2,111,7.25,10.0,1,2.7,2,0,0,0,577.2,299,60.65,1.9304347826086958,0.0,Low Risk
NY,94,510,Yes,No,0,243.2,109,41.34,147.0,88,12.5,94.9,99,4.27,7.2,4,1.94,4,0,1,0,492.3,300,60.05,1.641,0.09,Low Risk
TX,217,408,No,No,0,176.4,115,29.99,158.8,128,13.5,306.6,107,13.8,9.3,3,2.51,4,0,0,0,651.1,353,59.79999999999999,1.8444759206798869,0.08,Low Risk
OR,161,415,No,No,0,178.1,109,30.28,146.5,86,12.45,137.6,78,6.19,8.5,2,2.3,1,0,0,0,470.70000000000005,275,51.22,1.7116363636363638,0.0,Low Risk
KS,67,408,No,No,0,201.4,101,34.24,97.6,122,8.3,202.5,119,9.11,7.0,3,1.89,0,0,0,0,508.5,345,53.540000000000006,1.4739130434782608,0.02,Low Risk
ND,132,415,No,Yes,31,174.5,101,29.67,245.6,105,20.88,172.8,76,7.78,10.3,9,2.78,1,0,0,1,603.2,291,61.11,2.072852233676976,0.02,Low Risk
PA,134,408,No,No,0,205.3,122,34.9,240.5,155,20.44,179.1,107,8.06,5.0,9,1.35,1,0,0,0,629.9,393,64.75,1.602798982188295,0.06,Low Risk
NY,44,510,No,No,0,143.2,77,24.34,169.8,114,14.43,215.8,77,9.71,7.6,4,2.05,1,0,0,0,536.4,272,50.529999999999994,1.9720588235294116,0.03,Low Risk
WY,53,415,No,Yes,27,25.9,119,4.4,206.5,96,17.55,228.1,64,10.26,6.5,7,1.76,1,0,0,1,467.0,286,33.97,1.632867132867133,0.01,Low Risk
NY,108,415,No,No,0,154.2,123,26.21,112.3,86,9.55,246.4,75,11.09,15.4,4,4.16,4,1,0,0,528.3,288,51.010000000000005,1.8343749999999999,0.86,High Risk
ME,80,408,No,No,0,322.3,113,54.79,222.0,95,18.87,162.8,123,7.33,6.7,8,1.81,0,1,0,0,713.8,339,82.8,2.1056047197640115,0.94,High Risk
SD,88,415,No,No,0,215.6,115,36.65,216.2,85,18.38,171.3,65,7.71,11.8,1,3.19,3,0,0,0,614.8999999999999,266,65.93,2.3116541353383453,0.01,Low Risk
UT,82,510,Yes,No,0,208.8,101,35.5,213.7,87,18.16,175.1,86,7.88,12.4,6,3.35,3,0,1,0,610.0,280,64.89,2.1785714285714284,0.13,Low Risk
AK,115,415,No,No,0,245.2,105,41.68,159.0,109,13.52,229.9,74,10.35,7.2,8,1.94,0,0,0,0,641.3000000000001,296,67.49,2.166554054054054,0.01,Low Risk
RI,93,415,No,No,0,98.4,78,16.73,249.6,129,21.22,248.2,114,11.17,14.2,4,3.83,1,0,0,0,610.4000000000001,325,52.95,1.8781538461538465,0.0,Low Risk
AL,72,415,No,No,0,217.8,93,37.03,189.7,113,16.12,182.6,91,8.22,10.4,5,2.81,4,0,0,0,600.5,302,64.18,1.9884105960264902,0.02,Low Risk
DE,98,415,No,Yes,29,179.9,97,30.58,189.2,89,16.08,164.3,76,7.39,12.8,7,3.46,3,0,0,1,546.2,269,57.51,2.030483271375465,0.0,Low Risk
ID,118,415,No,No,0,140.4,112,23.87,187.1,60,15.9,207.9,155,9.36,7.9,1,2.13,0,0,0,0,543.3,328,51.260000000000005,1.65640243902439,0.01,Low Risk
MO,55,510,No,No,0,189.0,100,32.13,118.5,99,10.07,248.1,87,11.16,17.1,6,4.62,0,0,0,0,572.7,292,57.98,1.961301369863014,0.06,Low Risk
IL,130,415,No,No,0,155.9,95,26.5,256.1,97,21.77,262.9,103,11.83,11.7,3,3.16,3,0,0,0,686.6,298,63.25999999999999,2.304026845637584,0.02,Low Risk
FL,136,408,Yes,No,0,199.2,122,33.86,214.7,114,18.25,150.9,105,6.79,11.8,7,3.19,1,0,1,0,576.5999999999999,348,62.089999999999996,1.6568965517241376,0.18,Low Risk
KY,107,415,No,No,0,157.1,79,26.71,162.6,124,13.82,150.0,138,6.75,12.1,6,3.27,1,0,0,0,481.8,347,50.550000000000004,1.388472622478386,0.1,Low Risk
MI,91,415,No,No,0,154.4,165,26.25,168.3,121,14.31,239.9,81,10.8,11.7,4,3.16,5,1,0,0,574.3000000000001,371,54.519999999999996,1.547978436657682,0.9,High Risk
NY,167,415,No,No,0,166.4,85,28.29,243.2,135,20.67,229.2,95,10.31,9.9,5,2.67,1,0,0,0,648.6999999999999,320,61.940000000000005,2.0271874999999997,0.04,Low Risk
KS,159,415,No,Yes,19,184.1,78,31.3,194.5,71,16.53,225.6,101,10.15,16.9,3,4.56,0,0,0,1,621.1,253,62.54,2.454940711462451,0.03,Low Risk
PA,122,415,No,No,0,35.1,62,5.97,180.8,89,15.37,251.6,58,11.32,12.7,2,3.43,1,0,0,0,480.2,211,36.089999999999996,2.275829383886256,0.03,Low Risk
MI,105,415,No,Yes,29,179.4,113,30.5,275.4,100,23.41,246.1,105,11.07,10.0,5,2.7,0,0,0,1,710.9,323,67.67999999999999,2.2009287925696595,0.07,Low Risk
NH,155,408,No,No,0,216.7,30,36.84,144.3,125,12.27,135.3,106,6.09,10.8,1,2.92,2,0,0,0,507.1,262,58.120000000000005,1.935496183206107,0.0,Low Risk
WA,161,415,No,No,0,151.6,117,25.77,219.4,87,18.65,224.7,68,10.11,4.0,5,1.08,1,0,0,0,599.7,277,55.61,2.164981949458484,0.01,Low Risk
NY,122,415,No,No,0,173.6,110,29.51,91.7,84,7.79,211.7,103,9.53,9.7,7,2.62,3,0,0,0,486.7,304,49.45,1.600986842105263,0.02,Low Risk
MD,37,415,Yes,No,0,106.6,76,18.12,147.4,89,12.53,235.8,113,10.61,9.6,8,2.59,2,0,1,0,499.40000000000003,286,43.849999999999994,1.7461538461538462,0.04,Low Risk
KS,128,415,No,No,0,103.3,122,17.56,245.9,123,20.9,161.1,95,7.25,6.4,7,1.73,0,0,0,0,516.6999999999999,347,47.43999999999999,1.4890489913544667,0.01,Low Risk
DE,89,510,Yes,No,0,125.6,108,21.35,213.0,90,18.11,181.7,108,8.18,5.4,5,1.46,1,0,1,0,525.6999999999999,311,49.1,1.690353697749196,0.15,Low Risk
IN,108,415,No,No,0,199.3,104,33.88,224.2,92,19.06,140.1,57,6.3,15.2,2,4.1,0,0,0,0,578.8000000000001,255,63.339999999999996,2.2698039215686276,0.02,Low Risk
VT,109,408,No,No,0,222.2,113,37.77,218.5,122,18.57,266.0,88,11.97,10.9,5,2.94,1,0,0,0,717.6,328,71.25,2.1878048780487807,0.02,Low Risk
WA,29,415,No,No,0,157.4,122,26.76,145.0,75,12.33,281.8,92,12.68,9.3,2,2.51,1,0,0,0,593.5,291,54.28,2.0395189003436425,0.03,Low Risk
NM,119,415,Yes,Yes,15,160.0,95,27.2,209.5,110,17.81,82.3,107,3.7,8.7,5,2.35,5,1,1,1,460.5,317,51.06,1.4526813880126184,0.87,High Risk
MO,86,415,No,No,0,83.5,96,14.2,221.1,63,18.79,349.7,75,15.74,12.6,3,3.4,0,0,0,0,666.9,237,52.129999999999995,2.8139240506329113,0.04,Low Risk
IA,92,510,No,Yes,25,134.0,112,22.78,206.0,111,17.51,180.6,118,8.13,9.7,4,2.62,0,0,0,1,530.3000000000001,345,51.040000000000006,1.5371014492753625,0.06,Low Risk
WA,13,510,No,Yes,25,176.6,65,30.02,172.7,96,14.68,104.5,128,4.7,11.3,5,3.05,2,0,0,1,465.09999999999997,294,52.45,1.581972789115646,0.0,Low Risk
CT,144,510,Yes,Yes,35,174.8,127,29.72,219.6,93,18.67,255.8,90,11.51,12.8,3,3.46,0,0,1,1,663.0,313,63.36,2.1182108626198084,0.11,Low Risk
NH,139,510,No,No,0,221.3,140,37.62,157.8,89,13.41,192.5,89,8.66,11.3,6,3.05,1,0,0,0,582.9,324,62.739999999999995,1.799074074074074,0.01,Low Risk
LA,95,415,No,No,0,141.1,84,23.99,211.4,108,17.97,103.7,127,4.67,5.9,6,1.59,3,0,0,0,462.09999999999997,325,48.22,1.4218461538461538,0.02,Low Risk
ME,80,408,No,Yes,31,166.4,92,28.29,238.3,74,20.26,150.7,84,6.78,10.7,4,2.89,4,0,0,1,566.1000000000001,254,58.22,2.2287401574803156,0.02,Low Risk
MT,113,415,No,No,0,215.9,93,36.7,240.1,85,20.41,156.7,123,7.05,4.9,5,1.32,3,0,0,0,617.6,306,65.47999999999999,2.018300653594771,0.0,Low Risk
ID,88,415,No,Yes,31,181.6,91,30.87,213.2,120,18.12,207.8,104,9.35,11.4,4,3.08,1,0,0,1,613.9999999999999,319,61.42,1.9247648902821313,0.01,Low Risk
UT,74,415,No,No,0,106.4,84,18.09,140.2,104,11.92,90.9,81,4.09,11.4,3,3.08,1,0,0,0,348.9,272,37.17999999999999,1.2827205882352941,0.02,Low Risk
IL,48,510,No,No,0,128.2,71,21.79,48.1,78,4.09,116.3,80,5.23,8.9,3,2.4,0,0,0,0,301.49999999999994,232,33.51,1.299568965517241,0.03,Low Risk
AZ,163,510,No,No,0,178.7,56,30.38,215.7,79,18.33,152.7,84,6.87,10.6,2,2.86,4,0,0,0,557.6999999999999,221,58.43999999999999,2.5235294117647054,0.07,Low Risk
ID,56,510,No,No,0,150.9,79,25.65,161.8,87,13.75,167.7,115,7.55,11.7,5,3.16,3,0,0,0,492.1,286,50.11,1.7206293706293707,0.0,Low Risk
TX,64,415,No,No,0,168.0,116,28.56,192.4,94,16.35,166.5,98,7.49,10.1,3,2.73,2,0,0,0,537.0,311,55.129999999999995,1.7266881028938907,0.01,Low Risk
MT,116,415,No,Yes,35,182.8,122,31.08,212.7,119,18.08,193.8,103,8.72,11.0,2,2.97,1,0,0,1,600.3,346,60.849999999999994,1.734971098265896,0.0,Low Risk
PA,101,415,Yes,No,0,193.7,108,32.93,186.6,98,15.86,223.0,100,10.04,11.6,8,3.13,0,0,1,0,614.9,314,61.96,1.95828025477707,0.15,Low Risk
RI,85,415,Yes,No,0,197.2,97,33.52,211.7,115,17.99,210.1,133,9.45,8.3,4,2.24,4,0,1,0,627.3,349,63.20000000000001,1.7974212034383952,0.05,Low Risk
NH,90,415,No,No,0,76.1,121,12.94,290.3,73,24.68,236.9,89,10.66,10.8,3,2.92,0,0,0,0,614.0999999999999,286,51.2,2.1472027972027967,0.04,Low Risk
UT,73,415,No,No,0,182.3,115,30.99,199.2,97,16.93,120.2,113,5.41,18.0,5,4.86,1,0,0,0,519.7,330,58.19,1.574848484848485,0.06,Low Risk
NH,55,408,No,Yes,20,189.3,95,32.18,118.6,113,10.08,250.2,102,11.26,12.5,4,3.38,2,0,0,1,570.5999999999999,314,56.9,1.817197452229299,0.0,Low Risk
AK,76,415,No,Yes,22,160.1,107,27.22,168.7,136,14.34,23.2,102,1.04,9.5,4,2.57,3,0,0,1,361.49999999999994,349,45.17,1.0358166189111746,0.04,Low Risk
AZ,157,415,No,No,0,220.7,105,37.52,119.3,127,10.14,165.1,113,7.43,11.5,7,3.11,4,0,0,0,516.6,352,58.2,1.4676136363636365,0.21,Low Risk
NJ,131,415,No,No,0,211.8,115,36.01,260.5,102,22.14,144.2,96,6.49,10.8,7,2.92,0,0,0,0,627.3,320,67.56,1.9603125,0.04,Low Risk
MI,51,415,No,No,0,229.7,129,39.05,336.0,104,28.56,192.8,128,8.68,9.6,1,2.59,1,1,0,0,768.1,362,78.88,2.1218232044198895,0.89,High Risk
ID,166,415,No,No,0,220.7,106,37.52,177.8,118,15.11,206.1,102,9.27,12.4,9,3.35,1,0,0,0,617.0,335,65.25,1.8417910447761194,0.0,Low Risk
OR,66,408,No,No,0,87.6,76,14.89,262.0,111,22.27,184.6,125,8.31,9.2,5,2.48,1,0,0,0,543.4000000000001,317,47.949999999999996,1.7141955835962148,0.06,Low Risk
UT,49,415,No,No,0,266.3,90,45.27,207.8,117,17.66,205.0,98,9.23,14.0,2,3.78,2,1,0,0,693.1,307,75.94000000000001,2.257654723127036,0.94,High Risk
LA,89,415,No,No,0,141.1,92,23.99,249.1,126,21.17,136.0,73,6.12,10.8,2,2.92,2,0,0,0,537.0,293,54.199999999999996,1.8327645051194539,0.02,Low Risk
WI,90,415,No,No,0,200.9,92,34.15,164.3,91,13.97,249.0,98,11.21,8.9,7,2.4,1,0,0,0,623.1,288,61.73,2.1635416666666667,0.04,Low Risk
ID,193,415,No,No,0,96.8,92,16.46,142.6,103,12.12,210.1,115,9.45,10.9,5,2.94,2,1,0,0,460.4,315,40.97,1.4615873015873015,0.66,Medium Risk
TN,114,510,No,No,0,172.0,145,29.24,276.4,101,23.49,193.7,100,8.72,10.1,9,2.73,1,0,0,0,652.1999999999999,355,64.17999999999999,1.8371830985915492,0.03,Low Risk
NV,7,408,No,Yes,30,221.4,114,37.64,165.8,116,14.09,247.0,105,11.12,10.8,12,2.92,1,0,0,1,645.0,347,65.77,1.8587896253602305,0.0,Low Risk
WY,71,415,No,No,0,243.7,124,41.43,60.0,90,5.1,189.0,129,8.5,11.3,2,3.05,0,0,0,0,504.0,345,58.08,1.4608695652173913,0.0,Low Risk
IL,31,415,No,Yes,28,210.5,101,35.79,250.5,86,21.29,241.6,125,10.87,11.5,2,3.11,1,0,0,1,714.1,314,71.06,2.274203821656051,0.01,Low Risk
MA,111,415,No,No,0,284.4,89,48.35,157.0,113,13.35,242.8,91,10.93,8.4,8,2.27,0,1,0,0,692.6,301,74.89999999999999,2.300996677740864,0.85,High Risk
AZ,97,408,No,No,0,169.7,84,28.85,165.9,86,14.1,191.9,83,8.64,12.8,6,3.46,3,0,0,0,540.3,259,55.050000000000004,2.086100386100386,0.01,Low Risk
ND,51,510,No,No,0,227.2,89,38.62,194.4,106,16.52,243.4,126,10.95,14.9,2,4.02,0,0,0,0,679.9,323,70.11,2.104953560371517,0.02,Low Risk
SD,86,415,No,No,0,223.9,75,38.06,155.7,109,13.23,150.2,143,6.76,7.3,9,1.97,1,0,0,0,537.0999999999999,336,60.02,1.5985119047619045,0.0,Low Risk
ND,190,415,No,No,0,169.4,102,28.8,253.5,113,21.55,197.1,93,8.87,8.9,5,2.4,1,0,0,0,628.9,313,61.62,2.0092651757188498,0.01,Low Risk
CT,80,408,No,No,0,118.1,90,20.08,144.3,77,12.27,225.1,86,10.13,8.2,6,2.21,1,0,0,0,495.7,259,44.69,1.9138996138996138,0.01,Low Risk
MO,36,415,No,No,0,202.4,115,34.41,230.7,115,19.61,202.0,127,9.09,10.2,2,2.75,3,0,0,0,645.3000000000001,359,65.86,1.7974930362116994,0.03,Low Risk
NJ,45,510,No,No,0,155.7,110,26.47,260.3,103,22.13,192.2,98,8.65,11.0,1,2.97,1,0,0,0,619.2,312,60.21999999999999,1.9846153846153847,0.03,Low Risk
NC,170,415,No,No,0,246.4,107,41.89,228.1,124,19.39,166.4,95,7.49,9.1,8,2.46,0,0,0,0,650.0,334,71.22999999999999,1.9461077844311376,0.1,Low Risk
UT,103,415,No,No,0,189.8,110,32.27,115.5,83,9.82,191.3,103,8.61,12.2,4,3.29,0,0,0,0,508.8,300,53.99,1.696,0.0,Low Risk
WI,112,408,No,No,0,167.8,88,28.53,247.9,81,21.07,155.1,108,6.98,11.9,4,3.21,0,0,0,0,582.7,281,59.79,2.0736654804270462,0.0,Low Risk
MT,125,510,No,No,0,143.2,80,24.34,88.1,94,7.49,233.2,135,10.49,8.8,7,2.38,4,1,0,0,473.3,316,44.7,1.4977848101265823,0.94,High Risk
MS,73,415,No,Yes,31,82.3,105,13.99,256.1,91,21.77,229.6,98,10.33,11.8,2,3.19,6,1,0,1,579.8,296,49.279999999999994,1.9587837837837836,0.85,High Risk
NM,232,408,No,No,0,165.6,104,28.15,195.9,115,16.65,118.3,77,5.32,11.8,3,3.19,1,0,0,0,491.6,299,53.309999999999995,1.6441471571906354,0.0,Low Risk
SD,95,408,No,Yes,20,165.7,78,28.17,215.6,94,18.33,243.3,91,10.95,9.8,6,2.65,0,0,0,1,634.3999999999999,269,60.1,2.3583643122676574,0.0,Low Risk
VA,182,415,No,No,0,176.1,90,29.94,174.9,106,14.87,234.7,134,10.56,9.7,4,2.62,1,0,0,0,595.4000000000001,334,57.99,1.7826347305389225,0.01,Low Risk
NM,55,510,No,No,0,119.7,148,20.35,231.8,96,19.7,222.3,113,10.0,4.6,2,1.24,2,0,0,0,578.4,359,51.29,1.611142061281337,0.01,Low Risk
VA,86,415,No,Yes,30,99.9,84,16.98,263.5,125,22.4,254.7,90,11.46,9.8,7,2.65,2,0,0,1,627.8999999999999,306,53.489999999999995,2.051960784313725,0.05,Low Risk
NJ,127,510,No,No,0,239.8,107,40.77,128.9,121,10.96,249.9,110,11.25,11.3,5,3.05,1,0,0,0,629.9,343,66.03,1.8364431486880466,0.0,Low Risk
TN,63,415,No,No,0,164.5,75,27.97,147.9,118,12.57,252.7,97,11.37,11.2,2,3.02,0,0,0,0,576.3,292,54.93,1.9736301369863012,0.0,Low Risk
MI,79,510,No,No,0,220.9,107,37.55,192.2,97,16.34,161.0,74,7.25,12.2,2,3.29,1,0,0,0,586.3000000000001,280,64.43,2.0939285714285716,0.0,Low Risk
LA,111,415,No,Yes,28,128.8,104,21.9,157.3,52,13.37,147.4,76,6.63,10.3,2,2.78,2,0,0,1,443.8,234,44.68,1.8965811965811967,0.03,Low Risk
NH,121,510,No,Yes,35,193.8,62,32.95,197.6,97,16.8,218.8,95,9.85,5.9,4,1.59,0,0,0,1,616.1,258,61.190000000000005,2.387984496124031,0.0,Low Risk
RI,112,415,No,No,0,168.6,102,28.66,298.0,117,25.33,194.7,110,8.76,9.8,5,2.65,1,0,0,0,671.0999999999999,334,65.39999999999999,2.009281437125748,0.04,Low Risk
LA,81,415,No,Yes,36,115.9,120,19.7,236.6,95,20.11,255.0,90,11.48,11.7,6,3.16,3,0,0,1,619.2,311,54.45,1.9909967845659164,0.02,Low Risk
AZ,72,510,No,No,0,272.4,88,46.31,107.9,125,9.17,185.5,81,8.35,12.7,2,3.43,0,0,0,0,578.5,296,67.26,1.9543918918918919,0.01,Low Risk
SC,64,510,No,Yes,40,210.0,116,35.7,232.7,89,19.78,168.8,94,7.6,5.9,4,1.59,8,0,0,1,617.4,303,64.67,2.0376237623762377,0.14,Low Risk
MD,163,408,No,No,0,223.0,120,37.91,227.0,98,19.3,188.3,125,8.47,8.8,5,2.38,1,0,0,0,647.0999999999999,348,68.05999999999999,1.8594827586206895,0.08,Low Risk
WA,104,415,No,No,0,139.7,78,23.75,202.6,119,17.22,203.6,102,9.16,11.3,5,3.05,2,0,0,0,557.1999999999999,304,53.17999999999999,1.8328947368421051,0.0,Low Risk
CA,93,510,No,Yes,19,136.8,113,23.26,179.5,105,15.26,71.1,95,3.2,12.5,3,3.38,2,0,0,1,399.9,316,45.10000000000001,1.265506329113924,0.03,Low Risk
NJ,197,510,No,No,0,154.8,111,26.32,171.5,102,14.58,227.3,86,10.23,10.6,2,2.86,3,0,0,0,564.2,301,53.989999999999995,1.8744186046511628,0.05,Low Risk
AR,57,510,No,No,0,192.8,68,32.78,158.0,86,13.43,235.5,105,10.6,12.7,6,3.43,1,0,0,0,599.0,265,60.24,2.260377358490566,0.0,Low Risk
CT,107,408,No,No,0,103.4,94,17.58,189.3,125,16.09,227.2,125,10.22,14.4,3,3.89,1,0,0,0,534.3000000000001,347,47.78,1.539769452449568,0.01,Low Risk
SD,75,408,No,No,0,147.5,110,25.08,191.7,97,16.29,135.0,68,6.08,16.4,3,4.43,2,0,0,0,490.59999999999997,278,51.879999999999995,1.7647482014388487,0.09,Low Risk
FL,106,408,No,No,0,178.4,143,30.33,247.0,123,21.0,259.9,105,11.7,9.6,2,2.59,0,0,0,0,694.9,373,65.62,1.8630026809651474,0.0,Low Risk
MS,70,408,No,No,0,148.4,110,25.23,267.1,90,22.7,151.5,101,6.82,8.9,4,2.4,0,0,0,0,575.9,305,57.15,1.8881967213114754,0.01,Low Risk
MA,80,408,No,No,0,148.6,106,25.26,210.8,65,17.92,203.7,86,9.17,10.0,2,2.7,2,0,0,0,573.0999999999999,259,55.05000000000001,2.2127413127413122,0.01,Low Risk
VT,137,510,No,No,0,97.5,95,16.58,195.8,82,16.64,288.8,78,13.0,0.0,0,0.0,1,0,0,0,582.1,255,46.22,2.2827450980392157,0.06,Low Risk
IL,90,415,No,Yes,29,185.6,106,31.55,219.7,113,18.67,152.1,120,6.84,11.1,5,3.0,2,0,0,1,568.5,344,60.06,1.6526162790697674,0.0,Low Risk
CT,30,408,No,No,0,137.6,108,23.39,162.0,80,13.77,187.7,126,8.45,5.8,10,1.57,3,0,0,0,493.1,324,47.18,1.5219135802469137,0.0,Low Risk
KS,105,415,Yes,No,0,273.9,119,46.56,278.6,103,23.68,255.3,90,11.49,10.9,7,2.94,1,1,1,0,818.6999999999999,319,84.67,2.5664576802507835,0.96,High Risk
MA,102,415,No,Yes,31,125.3,92,21.3,141.2,108,12.0,168.2,68,7.57,6.3,2,1.7,3,0,0,1,441.0,270,42.57,1.6333333333333333,0.09,Low Risk
NJ,83,415,No,No,0,178.8,102,30.4,167.9,84,14.27,178.9,65,8.05,8.6,4,2.32,3,0,0,0,534.2,255,55.04,2.094901960784314,0.0,Low Risk
AR,63,510,No,Yes,49,214.9,86,36.53,198.2,89,16.85,170.8,139,7.69,8.2,5,2.21,0,0,0,1,592.1000000000001,319,63.28,1.8561128526645772,0.02,Low Risk
MS,155,408,No,No,0,163.0,93,27.71,203.9,102,17.33,159.0,109,7.15,15.1,4,4.08,2,0,0,0,541.0,308,56.269999999999996,1.7564935064935066,0.02,Low Risk
ME,105,408,No,No,0,115.5,73,19.64,267.3,83,22.72,114.2,90,5.14,13.3,5,3.59,3,0,0,0,510.3,251,51.09,2.0330677290836654,0.03,Low Risk
IA,73,415,No,No,0,137.1,102,23.31,210.8,114,17.92,191.4,120,8.61,11.1,4,3.0,1,0,0,0,550.4,340,52.84,1.6188235294117646,0.02,Low Risk
NM,21,415,No,Yes,19,132.7,94,22.56,204.6,101,17.39,154.7,78,6.96,12.9,7,3.48,3,0,0,1,504.8999999999999,280,50.39,1.8032142857142854,0.02,Low Risk
TX,71,415,No,Yes,39,183.2,103,31.14,209.4,111,17.8,172.4,109,7.76,11.9,6,3.21,1,0,0,1,576.9,329,59.91,1.7534954407294832,0.01,Low Risk
KY,112,415,No,No,0,170.5,113,28.99,193.2,129,16.42,188.0,91,8.46,11.2,6,3.02,0,0,0,0,562.9000000000001,339,56.89,1.6604719764011802,0.0,Low Risk
AZ,66,510,No,No,0,154.0,133,26.18,198.9,121,16.91,151.9,100,6.84,9.5,3,2.57,4,1,0,0,514.3,357,52.50000000000001,1.4406162464985992,0.84,High Risk
TN,99,408,No,No,0,54.8,92,9.32,173.0,103,14.71,195.1,125,8.78,7.5,3,2.03,1,0,0,0,430.4,323,34.84,1.3325077399380805,0.02,Low Risk
WV,124,510,No,No,0,184.8,74,31.42,175.1,84,14.88,158.2,95,7.12,10.5,6,2.84,1,0,0,0,528.5999999999999,259,56.260000000000005,2.0409266409266404,0.01,Low Risk
CT,95,415,No,Yes,36,283.1,112,48.13,286.2,86,24.33,261.7,129,11.78,11.3,3,3.05,3,0,0,1,842.3,330,87.29,2.5524242424242423,0.04,Low Risk
NH,130,408,No,No,0,68.4,86,11.63,193.3,110,16.43,171.5,139,7.72,10.4,4,2.81,0,0,0,0,443.6,339,38.59,1.3085545722713865,0.04,Low Risk
MD,93,510,Yes,No,0,131.4,78,22.34,219.7,106,18.67,155.7,103,7.01,11.1,2,3.0,1,1,1,0,517.9,289,51.02,1.7920415224913493,0.65,Medium Risk
WV,191,408,No,No,0,162.0,104,27.54,241.2,120,20.5,210.4,83,9.47,10.9,7,2.94,1,0,0,0,624.5,314,60.449999999999996,1.9888535031847134,0.0,Low Risk
KY,88,415,No,No,0,148.2,82,25.19,308.7,67,26.24,235.4,79,10.59,6.4,4,1.73,2,0,0,0,698.6999999999999,232,63.74999999999999,3.0116379310344823,0.1,Low Risk
WY,16,415,No,No,0,174.7,83,29.7,280.8,122,23.87,171.7,80,7.73,10.5,8,2.84,5,0,0,0,637.7,293,64.14,2.1764505119453927,0.04,Low Risk
GA,107,510,No,No,0,194.5,97,33.07,186.3,131,15.84,178.3,106,8.02,12.7,1,3.43,2,0,0,0,571.8000000000001,335,60.35999999999999,1.7068656716417911,0.0,Low Risk
AK,96,408,No,Yes,29,150.0,91,25.5,159.4,75,13.55,228.1,55,10.26,8.5,3,2.3,1,0,0,1,546.0,224,51.60999999999999,2.4375,0.04,Low Risk
CT,163,408,No,Yes,40,231.9,56,39.42,211.8,91,18.0,268.5,74,12.08,12.3,3,3.32,2,0,0,1,724.5,224,72.82,3.234375,0.03,Low Risk
OR,95,415,No,No,0,269.0,120,45.73,233.7,120,19.86,179.3,61,8.07,7.3,4,1.97,2,1,0,0,689.3,305,75.63,2.26,0.93,High Risk
OK,123,415,No,Yes,27,198.7,127,33.78,249.0,105,21.17,173.2,124,7.79,12.5,5,3.38,1,0,0,1,633.4,361,66.12,1.7545706371191134,0.0,Low Risk
MA,34,415,No,No,0,293.7,89,49.93,272.5,71,23.16,178.2,76,8.02,11.0,10,2.97,2,1,0,0,755.4000000000001,246,84.08,3.0707317073170737,0.96,High Risk
DE,96,415,No,Yes,26,175.8,96,29.89,206.6,84,17.56,178.0,105,8.01,11.1,2,3.0,2,0,0,1,571.5,287,58.46,1.9912891986062717,0.0,Low Risk
OH,146,415,No,No,0,169.5,93,28.82,230.9,71,19.63,269.8,115,12.14,9.0,7,2.43,2,0,0,0,679.2,286,63.02,2.374825174825175,0.02,Low Risk
ID,138,415,Yes,Yes,17,225.2,116,38.28,173.4,88,14.74,145.8,99,6.56,11.7,4,3.16,0,0,1,1,556.1000000000001,307,62.74000000000001,1.8114006514657985,0.08,Low Risk
MO,76,510,No,No,0,129.7,84,22.05,177.5,80,15.09,228.9,87,10.3,7.5,3,2.03,5,1,0,0,543.6,254,49.47,2.1401574803149606,0.89,High Risk
NC,83,510,No,Yes,36,95.9,87,16.3,261.6,105,22.24,228.6,109,10.29,13.3,4,3.59,0,0,0,1,599.4,305,52.42,1.9652459016393442,0.01,Low Risk
HI,104,408,No,No,0,170.6,97,29.0,162.1,111,13.78,210.7,131,9.48,6.1,1,1.65,1,0,0,0,549.5,340,53.910000000000004,1.6161764705882353,0.01,Low Risk
NJ,106,415,No,No,0,191.4,124,32.54,200.7,116,17.06,230.1,76,10.35,8.2,3,2.21,1,0,0,0,630.4000000000001,319,62.16,1.976175548589342,0.01,Low Risk
MS,84,510,No,No,0,75.3,96,12.8,179.9,113,15.29,193.8,134,8.72,12.3,1,3.32,1,0,0,0,461.3,344,40.13,1.3409883720930234,0.0,Low Risk
MN,99,408,No,No,0,128.8,86,21.9,203.9,105,17.33,282.6,131,12.72,14.1,4,3.81,2,0,0,0,629.4000000000001,326,55.76,1.930674846625767,0.02,Low Risk
RI,134,415,No,No,0,141.7,95,24.09,205.6,101,17.48,218.5,60,9.83,8.8,6,2.38,0,0,0,0,574.5999999999999,262,53.78,2.1931297709923663,0.01,Low Risk
NJ,80,415,No,No,0,268.7,120,45.68,301.0,147,25.59,167.0,140,7.52,5.8,1,1.57,2,1,0,0,742.5,408,80.35999999999999,1.8198529411764706,0.93,High Risk
MN,85,415,No,No,0,255.3,114,43.4,194.6,83,16.54,276.6,78,12.45,3.7,5,1.0,3,0,0,0,730.2,280,73.39,2.607857142857143,0.04,Low Risk
WI,120,408,No,Yes,26,239.4,94,40.7,259.4,88,22.05,238.0,132,10.71,7.7,3,2.08,0,0,0,1,744.5,317,75.54,2.3485804416403786,0.21,Low Risk
KS,120,510,No,No,0,158.0,110,26.86,197.0,103,16.75,154.9,132,6.97,10.0,5,2.7,1,0,0,0,519.9,350,53.28,1.4854285714285713,0.04,Low Risk
NJ,125,415,No,No,0,182.3,64,30.99,139.8,121,11.88,171.6,96,7.72,11.6,7,3.13,2,0,0,0,505.30000000000007,288,53.72,1.7545138888888892,0.02,Low Risk
ND,118,415,No,Yes,39,91.5,125,15.56,219.9,113,18.69,229.0,99,10.31,12.7,8,3.43,2,0,0,1,553.1,345,47.99,1.6031884057971015,0.04,Low Risk
WY,62,415,No,No,0,172.4,132,29.31,230.5,100,19.59,228.2,109,10.27,11.0,5,2.97,0,0,0,0,642.0999999999999,346,62.14,1.855780346820809,0.0,Low Risk
LA,112,510,No,No,0,174.5,127,29.67,259.3,71,22.04,170.5,120,7.67,11.3,7,3.05,1,0,0,0,615.5999999999999,325,62.43,1.8941538461538459,0.01,Low Risk
AL,68,510,No,No,0,157.3,83,26.74,220.9,85,18.78,218.9,129,9.85,12.0,7,3.24,1,0,0,0,609.1,304,58.61,2.0036184210526318,0.0,Low Risk
TX,201,415,No,Yes,21,192.0,97,32.64,239.1,81,20.32,116.1,125,5.22,15.1,3,4.08,1,0,0,1,562.3000000000001,306,62.26,1.8375816993464054,0.0,Low Risk
AR,116,510,No,No,0,160.7,69,27.32,146.8,106,12.48,287.8,144,12.95,8.2,5,2.21,0,0,0,0,603.5,324,54.96,1.8626543209876543,0.01,Low Risk
GA,133,510,No,No,0,227.4,90,38.66,73.2,135,6.22,114.3,99,5.14,4.7,7,1.27,0,0,0,0,419.6,331,51.29,1.2676737160120846,0.02,Low Risk
KY,125,408,No,No,0,191.6,115,32.57,205.6,108,17.48,210.2,123,9.46,9.2,3,2.48,2,0,0,0,616.6,349,61.989999999999995,1.7667621776504299,0.05,Low Risk
NE,21,510,No,No,0,225.0,110,38.25,244.2,111,20.76,221.2,93,9.95,10.7,4,2.89,0,0,0,0,701.1,318,71.85000000000001,2.2047169811320755,0.0,Low Risk
ND,110,408,No,No,0,196.1,103,33.34,199.7,123,16.97,135.9,71,6.12,12.9,1,3.48,3,0,0,0,544.5999999999999,298,59.91,1.8275167785234896,0.0,Low Risk
NH,83,415,No,No,0,231.3,100,39.32,210.4,84,17.88,217.4,106,9.78,12.4,2,3.35,3,0,0,0,671.5,292,70.33,2.2996575342465753,0.01,Low Risk
IN,101,415,No,Yes,42,209.2,82,35.56,159.7,74,13.57,181.6,100,8.17,9.5,3,2.57,0,0,0,1,560.0,259,59.870000000000005,2.1621621621621623,0.02,Low Risk
OR,117,415,No,Yes,17,221.3,82,37.62,167.6,100,14.25,262.7,87,11.82,4.4,4,1.19,0,0,0,1,655.9999999999999,273,64.88,2.4029304029304024,0.02,Low Risk
OH,127,408,No,No,0,139.6,94,23.73,240.9,112,20.48,127.1,88,5.72,8.8,4,2.38,2,0,0,0,516.4,298,52.31,1.7328859060402684,0.03,Low Risk
KS,138,510,No,Yes,26,183.9,83,31.26,240.7,93,20.46,185.7,125,8.36,15.0,3,4.05,1,0,0,1,625.3,304,64.13,2.0569078947368418,0.05,Low Risk
TX,120,415,No,No,0,203.3,108,34.56,259.9,66,22.09,115.9,103,5.22,7.8,2,2.11,3,0,0,0,586.9,279,63.980000000000004,2.103584229390681,0.0,Low Risk
DC,141,415,No,Yes,37,185.4,87,31.52,178.5,128,15.17,218.3,107,9.82,8.0,3,2.16,4,0,0,1,590.2,325,58.67,1.816,0.05,Low Risk
OR,87,510,No,Yes,22,240.8,102,40.94,75.9,106,6.45,224.6,115,10.11,7.1,3,1.92,2,0,0,1,548.4000000000001,326,59.42,1.6822085889570555,0.0,Low Risk
WA,97,408,No,No,0,276.1,82,46.94,201.1,106,17.09,231.3,73,10.41,8.9,4,2.4,0,1,0,0,717.4,265,76.84,2.7071698113207545,0.85,High Risk
NC,162,408,No,Yes,26,179.7,144,30.55,218.1,129,18.54,212.3,105,9.55,9.3,8,2.51,1,1,0,1,619.3999999999999,386,61.15,1.604663212435233,0.07,Low Risk
TX,119,510,No,No,0,81.9,75,13.92,253.8,114,21.57,213.1,125,9.59,8.9,1,2.4,2,1,0,0,557.7,315,47.48,1.7704761904761905,0.59,Medium Risk
WI,107,510,No,Yes,25,248.6,91,42.26,119.3,115,10.14,194.3,83,8.74,12.0,1,3.24,1,0,0,1,574.2,290,64.38,1.9800000000000002,0.02,Low Risk
SC,140,510,No,Yes,28,157.1,77,26.71,172.4,97,14.65,184.5,94,8.3,11.1,9,3.0,1,0,0,1,525.1,277,52.66,1.8956678700361012,0.0,Low Risk
SD,91,415,No,No,0,153.0,123,26.01,141.1,127,11.99,171.5,76,7.72,10.3,15,2.78,1,1,0,0,475.90000000000003,341,48.5,1.395601173020528,0.65,Medium Risk
OH,135,415,No,No,0,218.8,123,37.2,242.8,64,20.64,85.8,80,3.86,10.3,3,2.78,4,0,0,0,557.6999999999999,270,64.48,2.065555555555555,0.02,Low Risk
HI,86,408,No,Yes,21,197.9,99,33.64,165.6,100,14.08,208.0,120,9.36,10.1,9,2.73,0,0,0,1,581.6,328,59.809999999999995,1.773170731707317,0.02,Low Risk
KY,131,415,No,No,0,166.5,129,28.31,210.2,107,17.87,257.2,93,11.57,9.9,5,2.67,1,0,0,0,643.8,334,60.42,1.9275449101796407,0.0,Low Risk
OH,86,415,No,Yes,29,225.4,79,38.32,187.1,112,15.9,281.1,112,12.65,12.9,3,3.48,1,0,0,1,706.5,306,70.35000000000001,2.3088235294117645,0.02,Low Risk
AL,85,415,No,No,0,210.3,66,35.75,195.8,76,16.64,221.6,82,9.97,11.2,7,3.02,1,0,0,0,638.9000000000001,231,65.38,2.765800865800866,0.01,Low Risk
VT,195,415,No,Yes,36,231.7,110,39.39,225.1,88,19.13,201.7,89,9.08,12.1,2,3.27,0,0,0,1,670.6,289,70.86999999999999,2.320415224913495,0.03,Low Risk
ND,177,408,No,No,0,189.5,99,32.22,176.3,117,14.99,225.9,112,10.17,14.2,2,3.83,1,0,0,0,605.9000000000001,330,61.21,1.8360606060606064,0.01,Low Risk
WA,100,408,No,No,0,70.8,94,12.04,215.6,102,18.33,230.8,125,10.39,9.5,1,2.57,6,1,0,0,526.7,322,43.33,1.635714285714286,0.96,High Risk
CT,124,415,No,No,0,131.8,82,22.41,284.3,119,24.17,305.5,101,13.75,11.3,2,3.05,1,0,0,0,732.9,304,63.379999999999995,2.410855263157895,0.07,Low Risk
DE,81,510,Yes,No,0,250.6,85,42.6,187.9,50,15.97,120.3,131,5.41,7.8,5,2.11,1,0,1,0,566.5999999999999,271,66.09,2.0907749077490774,0.12,Low Risk
HI,105,415,No,No,0,281.3,124,47.82,301.5,96,25.63,202.8,109,9.13,8.7,3,2.35,0,1,0,0,794.3,332,84.92999999999999,2.3924698795180723,0.93,High Risk
MI,126,415,Yes,Yes,26,129.3,123,21.98,176.5,114,15.0,154.5,102,6.95,9.6,7,2.59,1,0,1,1,469.90000000000003,346,46.52000000000001,1.358092485549133,0.19,Low Risk
ND,71,510,No,No,0,238.0,82,40.46,278.5,94,23.67,193.1,134,8.69,11.8,10,3.19,0,1,0,0,721.4,320,76.00999999999999,2.254375,0.81,High Risk
NE,139,415,No,No,0,211.1,103,35.89,206.9,108,17.59,193.9,70,8.73,5.6,4,1.51,0,0,0,0,617.5,285,63.720000000000006,2.1666666666666665,0.01,Low Risk
NE,77,415,No,No,0,169.4,102,28.8,184.9,144,15.72,234.3,89,10.54,2.0,7,0.54,1,0,0,0,590.6,342,55.6,1.7269005847953216,0.0,Low Risk
KY,72,408,No,No,0,177.1,97,30.11,184.7,105,15.7,174.1,94,7.83,8.0,6,2.16,1,0,0,0,543.9,302,55.8,1.8009933774834437,0.0,Low Risk
KS,74,415,No,Yes,32,174.6,107,29.68,310.6,115,26.4,234.7,92,10.56,9.0,4,2.43,1,0,0,1,728.9000000000001,318,69.07000000000001,2.2921383647798743,0.1,Low Risk
ND,124,415,No,No,0,150.3,101,25.55,255.9,112,21.75,136.7,62,6.15,12.5,4,3.38,2,0,0,0,555.4000000000001,279,56.83,1.9906810035842297,0.01,Low Risk
KY,113,408,No,Yes,20,157.8,83,26.83,161.5,56,13.73,271.5,100,12.22,8.7,2,2.35,5,1,0,1,599.5,241,55.13,2.487551867219917,0.93,High Risk
ME,66,510,No,No,0,118.0,133,20.06,248.1,99,21.09,214.4,122,9.65,5.3,5,1.43,1,0,0,0,585.8,359,52.23,1.6317548746518105,0.01,Low Risk
MT,124,415,No,Yes,30,144.5,35,24.57,262.3,101,22.3,226.5,82,10.19,12.0,7,3.24,2,0,0,1,645.3,225,60.300000000000004,2.868,0.01,Low Risk
IL,134,408,No,No,0,183.8,111,31.25,123.5,92,10.5,160.7,105,7.23,6.1,2,1.65,1,0,0,0,474.1,310,50.63,1.5293548387096776,0.03,Low Risk
ME,41,415,No,Yes,30,191.7,109,32.59,193.0,86,16.41,149.4,93,6.72,11.1,4,3.0,1,0,0,1,545.2,292,58.72,1.867123287671233,0.0,Low Risk
SC,159,415,No,Yes,23,153.6,93,26.11,216.9,88,18.44,161.3,91,7.26,12.6,3,3.4,2,0,0,1,544.4,275,55.209999999999994,1.9796363636363636,0.02,Low Risk
IL,87,408,Yes,Yes,36,171.2,138,29.1,185.8,102,15.79,227.6,97,10.24,10.8,3,2.92,1,0,1,1,595.4,340,58.050000000000004,1.7511764705882353,0.06,Low Risk
WA,132,415,No,No,0,240.1,115,40.82,180.4,91,15.33,133.4,122,6.0,8.0,6,2.16,3,0,0,0,561.9,334,64.31,1.6823353293413172,0.02,Low Risk
NE,86,408,No,No,0,83.8,121,14.25,240.2,96,20.42,158.6,108,7.14,6.7,8,1.81,1,0,0,0,489.3,333,43.620000000000005,1.4693693693693695,0.0,Low Risk
IL,55,415,Yes,No,0,269.6,121,45.83,171.7,91,14.59,219.0,98,9.86,8.2,6,2.21,1,0,1,0,668.5,316,72.49,2.115506329113924,0.13,Low Risk
VT,101,415,No,No,0,136.2,92,23.15,220.9,110,18.78,196.9,116,8.86,13.3,7,3.59,3,0,0,0,567.3,325,54.379999999999995,1.7455384615384615,0.0,Low Risk
KS,94,408,No,No,0,269.2,104,45.76,193.8,144,16.47,257.6,61,11.59,8.9,2,2.4,3,1,0,0,729.5,311,76.22,2.3456591639871385,0.95,High Risk
ND,68,408,No,No,0,219.6,97,37.33,141.1,144,11.99,205.7,101,9.26,10.8,4,2.92,2,0,0,0,577.1999999999999,346,61.5,1.668208092485549,0.03,Low Risk
CO,98,408,No,No,0,236.2,122,40.15,189.4,110,16.1,153.6,104,6.91,13.3,4,3.59,0,0,0,0,592.5,340,66.75,1.7426470588235294,0.0,Low Risk
TX,123,408,No,No,0,260.9,85,44.35,168.5,103,14.32,178.3,91,8.02,13.3,5,3.59,3,0,0,0,621.0,284,70.28,2.186619718309859,0.02,Low Risk
CA,111,408,No,No,0,249.8,109,42.47,242.4,106,20.6,231.8,78,10.43,11.6,4,3.13,0,1,0,0,735.6,297,76.63,2.4767676767676767,0.94,High Risk
MS,69,510,No,Yes,27,268.8,78,45.7,246.6,89,20.96,271.9,102,12.24,16.4,3,4.43,0,0,0,1,803.6999999999999,272,83.32999999999998,2.9547794117647057,0.1,Low Risk
RI,127,415,No,Yes,27,140.1,59,23.82,223.4,111,18.99,257.9,73,11.61,3.8,10,1.03,1,0,0,1,625.1999999999999,253,55.45,2.4711462450592885,0.01,Low Risk
NM,105,415,No,No,0,193.7,108,32.93,183.2,124,15.57,293.7,72,13.22,10.8,5,2.92,1,0,0,0,681.3999999999999,309,64.64,2.2051779935275078,0.04,Low Risk
VA,75,415,No,No,0,224.7,116,38.2,192.0,79,16.32,212.2,98,9.55,11.3,11,3.05,3,0,0,0,640.1999999999999,304,67.12,2.1059210526315786,0.0,Low Risk
TX,126,415,No,No,0,190.9,143,32.45,149.7,72,12.72,191.4,87,8.61,13.0,3,3.51,1,0,0,0,545.0,305,57.29,1.7868852459016393,0.01,Low Risk
NM,41,415,No,No,0,232.1,74,39.46,327.1,88,27.8,226.5,119,10.19,10.9,2,2.94,3,1,0,0,796.6,283,80.39,2.8148409893992934,0.93,High Risk
RI,113,415,No,No,0,90.6,130,15.4,170.6,100,14.5,137.4,74,6.18,5.4,9,1.46,1,0,0,0,404.0,313,37.54,1.29073482428115,0.03,Low Risk
NY,78,510,No,No,0,152.9,81,25.99,256.6,82,21.81,173.6,112,7.81,5.3,6,1.43,2,0,0,0,588.4,281,57.04,2.093950177935943,0.0,Low Risk
WA,110,415,No,No,0,241.2,105,41.0,174.3,85,14.82,245.3,59,11.04,8.5,4,2.3,2,0,0,0,669.3,253,69.16,2.645454545454545,0.01,Low Risk
NE,112,415,Yes,Yes,16,200.3,72,34.05,197.8,91,16.81,151.1,92,6.8,10.4,3,2.81,1,0,1,1,559.6,258,60.47,2.1689922480620156,0.26,Low Risk
ID,104,510,No,No,0,97.2,88,16.52,155.6,85,13.23,261.6,105,11.77,12.4,5,3.35,0,0,0,0,526.8000000000001,283,44.87,1.8614840989399295,0.01,Low Risk
WV,127,510,No,No,0,224.3,112,38.13,185.7,103,15.78,159.4,83,7.17,10.0,1,2.7,2,0,0,0,579.4,299,63.78000000000001,1.937792642140468,0.0,Low Risk
NE,61,408,No,No,0,267.1,104,45.41,180.4,131,15.33,230.6,106,10.38,17.3,4,4.67,1,1,0,0,695.4,345,75.78999999999999,2.0156521739130433,0.94,High Risk
RI,65,415,No,Yes,29,215.5,129,36.64,161.9,77,13.76,128.3,91,5.77,8.8,5,2.38,2,0,0,1,514.5,302,58.550000000000004,1.7036423841059603,0.0,Low Risk
CT,152,408,No,Yes,20,239.1,105,40.65,209.1,111,17.77,268.2,130,12.07,13.3,3,3.59,5,0,0,1,729.6999999999999,349,74.08000000000001,2.0908309455587393,0.04,Low Risk
RI,63,415,Yes,No,0,62.9,112,10.69,202.9,111,17.25,259.0,58,11.66,8.9,8,2.4,1,0,1,0,533.6999999999999,289,41.99999999999999,1.8467128027681659,0.09,Low Risk
IA,100,408,No,No,0,210.9,85,35.85,329.3,69,27.99,127.1,78,5.72,9.4,5,2.54,4,0,0,0,676.7,237,72.10000000000001,2.855274261603376,0.3,Medium Risk
MS,29,510,No,No,0,313.2,103,53.24,216.3,151,18.39,218.4,106,9.83,12.8,4,3.46,2,1,0,0,760.6999999999999,364,84.91999999999999,2.0898351648351645,0.95,High Risk
ME,175,415,No,No,0,132.0,95,22.44,231.2,74,19.65,313.4,108,14.1,8.7,10,2.35,1,0,0,0,685.3,287,58.540000000000006,2.3878048780487804,0.05,Low Risk
MS,98,415,Yes,Yes,23,245.5,54,41.74,292.7,83,24.88,184.0,90,8.28,10.8,7,2.92,1,0,1,1,733.0,234,77.82000000000001,3.1324786324786325,0.17,Low Risk
VA,121,415,No,No,0,134.1,112,22.8,195.1,104,16.58,159.6,139,7.18,10.5,2,2.84,2,0,0,0,499.29999999999995,357,49.39999999999999,1.3985994397759103,0.03,Low Risk
PA,104,415,No,No,0,144.5,107,24.57,180.5,85,15.34,226.0,94,10.17,17.0,6,4.59,2,0,0,0,568.0,292,54.67,1.9452054794520548,0.04,Low Risk
NE,123,415,No,No,0,150.0,98,25.5,89.8,95,7.63,326.0,91,14.67,11.1,3,3.0,3,0,0,0,576.9,287,50.800000000000004,2.010104529616725,0.03,Low Risk
MI,61,415,No,Yes,33,270.7,53,46.02,200.7,116,17.06,201.7,102,9.08,10.9,3,2.94,3,0,0,1,683.9999999999999,274,75.1,2.496350364963503,0.07,Low Risk
MD,160,415,No,No,0,256.0,111,43.52,187.4,61,15.93,119.1,81,5.36,11.5,4,3.11,3,0,0,0,574.0,257,67.92,2.2334630350194553,0.0,Low Risk
AR,153,408,No,No,0,154.6,56,26.28,263.0,84,22.36,367.7,89,16.55,15.5,2,4.19,1,0,0,0,800.8,231,69.38,3.4666666666666663,0.15,Low Risk
FL,31,510,No,No,0,165.4,84,28.12,203.7,107,17.31,201.7,65,9.08,8.2,1,2.21,1,0,0,0,579.0,257,56.72,2.252918287937743,0.0,Low Risk
KY,122,415,No,No,0,168.3,96,28.61,87.6,91,7.45,247.2,87,11.12,8.4,6,2.27,1,0,0,0,511.5,280,49.45,1.8267857142857142,0.02,Low Risk
IN,46,415,No,Yes,34,191.4,102,32.54,361.8,96,30.75,147.5,132,6.64,7.2,2,1.94,1,0,0,1,707.9000000000001,332,71.86999999999999,2.132228915662651,0.36,Medium Risk
FL,103,415,No,No,0,158.7,90,26.98,198.4,117,16.86,181.1,76,8.15,10.5,4,2.84,1,0,0,0,548.7,287,54.83,1.9118466898954705,0.0,Low Risk
IL,68,415,Yes,Yes,29,195.5,113,33.24,171.6,96,14.59,204.0,85,9.18,13.5,9,3.65,1,1,1,1,584.6,303,60.66,1.9293729372937294,0.79,High Risk
AL,149,415,No,Yes,20,264.4,102,44.95,219.6,123,18.67,200.4,89,9.02,11.3,3,3.05,2,0,0,1,695.6999999999999,317,75.69,2.1946372239747634,0.14,Low Risk
MT,102,408,No,No,0,273.2,85,46.44,211.1,82,17.94,203.7,129,9.17,13.1,7,3.54,2,1,0,0,701.1,303,77.09,2.313861386138614,0.97,High Risk
WI,153,510,No,No,0,159.5,103,27.12,275.5,90,23.42,176.7,126,7.95,10.1,2,2.73,1,1,0,0,621.8000000000001,321,61.220000000000006,1.937071651090343,0.68,Medium Risk
NY,122,510,No,No,0,145.6,102,24.75,284.7,111,24.2,228.2,91,10.27,12.2,5,3.29,0,0,0,0,670.7,309,62.51,2.1705501618122978,0.01,Low Risk
WY,127,510,Yes,No,0,247.5,99,42.08,108.5,118,9.22,232.0,72,10.44,10.6,3,2.86,2,0,1,0,598.6,292,64.6,2.0500000000000003,0.03,Low Risk
NY,126,415,Yes,No,0,239.7,87,40.75,281.7,92,23.94,183.5,113,8.26,11.4,1,3.08,1,1,1,0,716.3,293,76.03,2.444709897610921,0.93,High Risk
CO,90,408,No,No,0,109.9,102,18.68,220.8,114,18.77,104.0,133,4.68,10.9,6,2.94,0,0,0,0,445.6,355,45.07,1.255211267605634,0.01,Low Risk
CA,37,510,No,No,0,239.9,120,40.78,261.6,88,22.24,207.1,88,9.32,8.9,4,2.4,2,1,0,0,717.5,300,74.74000000000001,2.3916666666666666,0.77,High Risk
CO,132,415,No,No,0,197.8,66,33.63,133.9,119,11.38,177.3,94,7.98,10.9,3,2.94,4,1,0,0,519.9000000000001,282,55.93000000000001,1.843617021276596,0.86,High Risk
KY,38,408,No,Yes,36,115.4,98,19.62,166.2,83,14.13,184.7,79,8.31,15.2,6,4.1,2,0,0,1,481.5,266,46.160000000000004,1.8101503759398496,0.03,Low Risk
ID,92,415,No,No,0,197.2,113,33.52,242.3,116,20.6,192.0,76,8.64,11.0,5,2.97,2,0,0,0,642.5,310,65.73,2.0725806451612905,0.0,Low Risk
HI,111,408,No,Yes,13,193.1,104,32.83,111.6,98,9.49,227.4,94,10.23,12.1,4,3.27,1,0,0,1,544.2,300,55.82,1.814,0.0,Low Risk
TX,121,415,No,Yes,31,263.1,70,44.73,279.3,118,23.74,127.1,143,5.72,9.7,4,2.62,5,0,0,1,679.2000000000002,335,76.81,2.0274626865671648,0.08,Low Risk
GA,131,408,No,No,0,197.0,79,33.49,201.0,114,17.09,151.2,111,6.8,11.6,5,3.13,1,0,0,0,560.8000000000001,309,60.51,1.814886731391586,0.01,Low Risk
ME,19,415,No,No,0,201.5,123,34.26,129.2,110,10.98,220.6,98,9.93,12.9,4,3.48,1,0,0,0,564.1999999999999,335,58.64999999999999,1.6841791044776118,0.0,Low Risk
OH,135,415,No,No,0,173.4,107,29.48,222.0,84,18.87,64.2,94,2.89,13.7,6,3.7,1,0,0,0,473.29999999999995,291,54.940000000000005,1.6264604810996561,0.11,Low Risk
TN,129,408,No,No,0,101.4,145,17.24,249.1,116,21.17,157.6,107,7.09,7.1,6,1.92,1,0,0,0,515.2,374,47.42,1.3775401069518718,0.01,Low Risk
VT,142,415,No,No,0,232.5,74,39.53,181.8,142,15.45,203.1,86,9.14,10.4,6,2.81,4,0,0,0,627.8,308,66.93,2.0383116883116883,0.01,Low Risk
MD,130,415,No,Yes,45,174.5,120,29.67,217.5,95,18.49,220.3,67,9.91,12.2,2,3.29,1,0,0,1,624.5,284,61.35999999999999,2.198943661971831,0.0,Low Risk
NE,92,415,No,No,0,181.4,98,30.84,164.5,98,13.98,171.0,110,7.69,10.9,4,2.94,2,0,0,0,527.8,310,55.449999999999996,1.7025806451612902,0.02,Low Risk
WY,146,415,No,Yes,11,180.7,82,30.72,173.7,90,14.76,231.5,89,10.42,10.1,4,2.73,2,0,0,1,596.0,265,58.629999999999995,2.249056603773585,0.01,Low Risk
WV,152,510,Yes,Yes,41,146.8,128,24.96,285.6,96,24.28,213.6,80,9.61,4.3,2,1.16,1,1,1,1,650.3,306,60.01,2.1251633986928105,0.23,Low Risk
MS,189,415,No,No,0,227.8,124,38.73,169.5,112,14.41,201.1,91,9.05,5.6,4,1.51,3,0,0,0,604.0,331,63.699999999999996,1.8247734138972809,0.04,Low Risk
OH,95,415,No,Yes,23,160.3,87,27.25,202.4,101,17.2,191.1,122,8.6,7.4,3,2.0,0,0,0,1,561.2,313,55.050000000000004,1.79297124600639,0.0,Low Risk
AK,1,408,No,No,0,175.2,74,29.78,151.7,79,12.89,230.5,109,10.37,5.3,3,1.43,1,0,0,0,562.6999999999999,265,54.47,2.1233962264150943,0.01,Low Risk
IN,141,415,No,Yes,39,116.9,127,19.87,276.5,88,23.5,289.9,125,13.05,12.3,2,3.32,0,0,0,1,695.5999999999999,342,59.74,2.0339181286549706,0.02,Low Risk
WA,111,510,No,No,0,152.2,114,25.87,137.2,102,11.66,185.9,97,8.37,9.8,3,2.65,0,0,0,0,485.09999999999997,316,48.55,1.535126582278481,0.06,Low Risk
RI,143,408,No,No,0,167.8,72,28.53,211.0,99,17.94,153.5,109,6.91,10.5,6,2.84,4,1,0,0,542.8,286,56.22,1.8979020979020977,0.78,High Risk
AL,148,415,No,Yes,21,262.9,135,44.69,149.5,96,12.71,140.5,109,6.32,8.1,4,2.19,1,0,0,1,561.0,344,65.91,1.630813953488372,0.03,Low Risk
MT,143,408,No,Yes,22,141.8,116,24.11,167.3,99,14.22,178.1,130,8.01,7.8,3,2.11,1,0,0,1,495.00000000000006,348,48.449999999999996,1.4224137931034484,0.05,Low Risk
NM,90,415,No,No,0,167.5,96,28.48,139.1,104,11.82,138.4,87,6.23,13.0,1,3.51,1,0,0,0,458.0,288,50.04,1.5902777777777777,0.02,Low Risk
OH,169,408,No,No,0,147.2,115,25.02,161.9,123,13.76,142.1,103,6.39,7.2,6,1.94,3,0,0,0,458.40000000000003,347,47.11,1.3210374639769453,0.04,Low Risk
LA,53,415,No,No,0,145.1,116,24.67,233.7,82,19.86,208.7,95,9.39,7.9,5,2.13,2,0,0,0,595.4,298,56.050000000000004,1.997986577181208,0.0,Low Risk
MO,15,415,No,No,0,135.2,101,22.98,152.5,79,12.96,224.8,83,10.12,8.4,5,2.27,2,0,0,0,520.9,268,48.33,1.9436567164179104,0.04,Low Risk
DC,123,408,No,Yes,28,124.7,105,21.2,250.4,78,21.28,216.4,128,9.74,7.8,8,2.11,1,0,0,1,599.3,319,54.330000000000005,1.8786833855799372,0.04,Low Risk
TN,95,510,No,No,0,174.0,57,29.58,281.1,118,23.89,197.2,94,8.87,9.7,2,2.62,0,0,0,0,662.0,271,64.96,2.4428044280442807,0.0,Low Risk
WA,82,510,No,No,0,265.2,122,45.08,178.7,102,15.19,174.7,90,7.86,10.7,9,2.89,2,0,0,0,629.3,323,71.02,1.948297213622291,0.05,Low Risk
RI,180,415,No,No,0,143.3,134,24.36,180.5,113,15.34,184.2,87,8.29,10.1,4,2.73,1,0,0,0,518.1,338,50.72,1.5328402366863907,0.01,Low Risk
RI,125,408,No,No,0,113.0,108,19.21,169.2,107,14.38,156.6,61,7.05,9.2,5,2.48,2,1,0,0,447.99999999999994,281,43.12,1.5943060498220638,0.71,High Risk
OR,138,415,Yes,Yes,28,211.2,117,35.9,312.5,98,26.56,178.0,118,8.01,10.7,2,2.89,3,1,1,1,712.4000000000001,335,73.36,2.1265671641791046,0.8,High Risk
MA,90,408,No,No,0,157.9,72,26.84,234.0,93,19.89,210.0,86,9.45,12.2,5,3.29,2,0,0,0,614.1,256,59.470000000000006,2.398828125,0.0,Low Risk
NC,190,408,No,No,0,182.2,101,30.97,212.3,95,18.05,233.0,123,10.49,9.3,4,2.51,2,0,0,0,636.8,323,62.019999999999996,1.971517027863777,0.03,Low Risk
IA,143,510,No,Yes,33,141.4,130,24.04,186.4,114,15.84,210.0,111,9.45,7.7,6,2.08,1,0,0,1,545.5,361,51.41,1.5110803324099722,0.01,Low Risk
IL,183,510,No,No,0,108.3,87,18.41,183.6,116,15.61,176.6,109,7.95,13.5,2,3.65,0,0,0,0,482.0,314,45.62,1.535031847133758,0.02,Low Risk
KY,58,415,No,No,0,247.2,116,42.02,303.7,103,25.81,105.4,94,4.74,9.3,2,2.51,2,1,0,0,665.5999999999999,315,75.08,2.113015873015873,0.93,High Risk
TN,123,415,No,No,0,166.9,98,28.37,221.8,77,18.85,243.9,114,10.98,12.8,4,3.46,3,0,0,0,645.4,293,61.660000000000004,2.202730375426621,0.0,Low Risk
GA,155,510,No,No,0,71.2,90,12.1,304.4,119,25.87,183.3,103,8.25,8.6,4,2.32,0,0,0,0,567.5,316,48.54,1.7958860759493671,0.3,Medium Risk
MN,53,415,No,No,0,164.1,106,27.9,206.0,56,17.51,194.7,124,8.76,11.4,2,3.08,1,0,0,0,576.1999999999999,288,57.24999999999999,2.000694444444444,0.0,Low Risk
MT,101,415,No,No,0,154.4,130,26.25,217.2,101,18.46,185.4,52,8.34,13.9,4,3.75,1,0,0,0,570.9,287,56.8,1.989198606271777,0.01,Low Risk
ND,122,408,No,No,0,231.2,141,39.3,267.8,136,22.76,240.3,100,10.81,8.8,5,2.38,1,1,0,0,748.0999999999999,382,75.25,1.958376963350785,0.89,High Risk
VA,163,415,No,No,0,202.9,100,34.49,178.6,46,15.18,203.8,116,9.17,12.8,3,3.46,5,0,0,0,598.0999999999999,265,62.300000000000004,2.2569811320754716,0.02,Low Risk
ND,120,415,No,No,0,177.2,88,30.12,270.4,99,22.98,231.5,90,10.42,14.0,2,3.78,2,0,0,0,693.0999999999999,279,67.3,2.484229390681003,0.0,Low Risk
TN,196,415,No,No,0,133.1,80,22.63,206.5,120,17.55,221.6,96,9.97,10.3,8,2.78,1,0,0,0,571.5,304,52.93,1.8799342105263157,0.02,Low Risk
NE,147,415,No,Yes,38,243.4,126,41.38,273.8,109,23.27,282.9,91,12.73,14.1,8,3.81,2,0,0,1,814.2,334,81.19000000000001,2.4377245508982037,0.07,Low Risk
IN,81,408,No,Yes,46,168.3,124,28.61,270.9,103,23.03,222.5,98,10.01,6.7,2,1.81,4,0,0,1,668.4000000000001,327,63.46,2.044036697247707,0.02,Low Risk
OR,165,415,No,Yes,33,111.6,140,18.97,213.3,111,18.13,267.6,115,12.04,16.0,3,4.32,0,0,0,1,608.5,369,53.459999999999994,1.6490514905149052,0.1,Low Risk
TN,115,415,No,No,0,206.2,113,35.05,176.4,102,14.99,297.1,119,13.37,11.0,7,2.97,1,0,0,0,690.7,341,66.38,2.0255131964809387,0.0,Low Risk
TX,90,408,No,Yes,27,156.7,51,26.64,236.5,118,20.1,123.2,111,5.54,12.6,6,3.4,2,0,0,1,529.0,286,55.68,1.8496503496503496,0.0,Low Risk
TN,37,415,No,No,0,221.0,126,37.57,204.5,110,17.38,118.0,98,5.31,6.8,3,1.84,4,0,0,0,550.3,337,62.10000000000001,1.6329376854599404,0.03,Low Risk
NC,76,510,No,No,0,165.7,94,28.17,257.4,80,21.88,170.8,114,7.69,10.0,4,2.7,1,0,0,0,603.9,292,60.44,2.0681506849315068,0.0,Low Risk
MT,109,510,No,No,0,154.8,82,26.32,287.7,109,24.45,208.4,80,9.38,5.9,9,1.59,3,0,0,0,656.8,280,61.74,2.3457142857142856,0.01,Low Risk
HI,105,510,No,No,0,125.4,116,21.32,261.5,95,22.23,241.6,104,10.87,11.4,9,3.08,2,0,0,0,639.9,324,57.49999999999999,1.9749999999999999,0.0,Low Risk
MI,74,415,No,No,0,124.8,114,21.22,133.0,121,11.31,160.3,85,7.21,10.6,7,2.86,3,0,0,0,428.70000000000005,327,42.6,1.3110091743119268,0.01,Low Risk
AL,76,415,No,No,0,179.2,85,30.46,222.9,66,18.95,188.2,113,8.47,12.4,2,3.35,0,0,0,0,602.6999999999999,266,61.23,2.2657894736842104,0.0,Low Risk
CT,116,415,No,No,0,245.9,73,41.8,240.1,87,20.41,158.7,89,7.14,8.9,5,2.4,3,0,0,0,653.6,254,71.75,2.573228346456693,0.06,Low Risk
UT,138,510,No,No,0,205.9,96,35.0,257.1,94,21.85,209.0,63,9.4,12.1,8,3.27,0,0,0,0,684.1,261,69.52,2.621072796934866,0.01,Low Risk
DC,102,415,No,No,0,186.8,92,31.76,173.7,123,14.76,250.9,131,11.29,9.7,4,2.62,2,0,0,0,621.1,350,60.43,1.7745714285714287,0.01,Low Risk
UT,164,510,No,No,0,192.1,95,32.66,249.8,94,21.23,132.6,100,5.97,7.3,3,1.97,3,0,0,0,581.8,292,61.83,1.9924657534246575,0.0,Low Risk
MN,125,415,No,No,0,240.7,82,40.92,269.4,85,22.9,187.1,74,8.42,10.1,3,2.73,0,1,0,0,707.3,244,74.97,2.8987704918032784,0.92,High Risk
SC,209,510,No,No,0,255.1,124,43.37,230.6,110,19.6,218.0,69,9.81,8.5,5,2.3,3,1,0,0,712.2,308,75.08,2.3123376623376624,0.79,High Risk
NH,116,408,No,Yes,24,183.6,138,31.21,203.8,90,17.32,166.9,89,7.51,6.0,3,1.62,2,0,0,1,560.3,320,57.66,1.7509374999999998,0.01,Low Risk
MD,189,415,No,Yes,30,155.2,116,26.38,195.5,50,16.62,170.1,108,7.65,15.4,6,4.16,1,0,0,1,536.1999999999999,280,54.81,1.9149999999999998,0.01,Low Risk
OK,84,510,No,No,0,203.4,125,34.58,182.9,88,15.55,213.7,121,9.62,13.8,2,3.73,1,0,0,0,613.8,336,63.47999999999999,1.8267857142857142,0.0,Low Risk
NJ,182,415,No,No,0,279.1,124,47.45,180.5,108,15.34,217.5,104,9.79,9.5,11,2.57,2,1,0,0,686.6,347,75.15,1.9786743515850145,0.95,High Risk
HI,171,510,No,No,0,189.8,122,32.27,173.7,85,14.76,257.1,84,11.57,10.3,1,2.78,0,0,0,0,630.9,292,61.38,2.1606164383561643,0.01,Low Risk
DE,90,415,No,No,0,198.5,124,33.75,266.6,100,22.66,243.3,80,10.95,8.0,7,2.16,2,0,0,0,716.4000000000001,311,69.52,2.303536977491962,0.0,Low Risk
AL,117,510,No,No,0,158.7,84,26.98,181.7,91,15.44,177.3,67,7.98,7.7,10,2.08,2,0,0,0,525.4000000000001,252,52.480000000000004,2.084920634920635,0.0,Low Risk
KS,186,510,No,No,0,137.8,97,23.43,187.7,118,15.95,146.4,85,6.59,8.7,6,2.35,1,0,0,0,480.59999999999997,306,48.32,1.5705882352941176,0.04,Low Risk
AK,55,408,No,Yes,39,139.3,101,23.68,178.3,117,15.16,246.5,104,11.09,8.1,1,2.19,3,0,0,1,572.2,323,52.120000000000005,1.7715170278637773,0.04,Low Risk
WI,74,408,No,No,0,177.4,136,30.16,240.3,104,20.43,237.3,133,10.68,12.0,3,3.24,0,0,0,0,667.0,376,64.51,1.773936170212766,0.02,Low Risk
IN,130,408,No,No,0,115.6,129,19.65,167.8,104,14.26,141.8,124,6.38,12.6,9,3.4,1,0,0,0,437.8,366,43.69,1.196174863387978,0.0,Low Risk
DC,80,408,No,No,0,51.5,90,8.76,164.0,98,13.94,169.4,80,7.62,9.5,4,2.57,3,0,0,0,394.4,272,32.89,1.45,0.14,Low Risk
MS,120,415,No,No,0,131.7,99,22.39,163.1,109,13.86,201.1,116,9.05,10.7,3,2.89,1,0,0,0,506.59999999999997,327,48.19,1.549235474006116,0.02,Low Risk
NH,84,408,No,Yes,30,106.5,65,18.11,225.7,108,19.18,188.6,61,8.49,5.7,3,1.54,2,0,0,1,526.5,237,47.32,2.221518987341772,0.0,Low Risk
NJ,134,510,No,Yes,34,247.2,105,42.02,225.5,133,19.17,186.3,76,8.38,6.1,5,1.65,2,1,0,1,665.1,319,71.22000000000001,2.0849529780564264,0.63,Medium Risk
VT,68,415,No,No,0,158.8,119,27.0,211.8,105,18.0,198.1,101,8.91,10.3,3,2.78,1,0,0,0,579.0,328,56.69,1.7652439024390243,0.04,Low Risk
MD,119,408,No,No,0,239.1,88,40.65,243.5,79,20.7,230.9,92,10.39,10.9,3,2.94,3,1,0,0,724.4,262,74.67999999999999,2.764885496183206,0.82,High Risk
KS,166,415,Yes,Yes,28,175.8,126,29.89,253.6,76,21.56,128.5,72,5.78,11.4,5,3.08,1,0,1,1,569.3,279,60.31,2.040501792114695,0.14,Low Risk
NH,90,415,No,Yes,42,193.3,66,32.86,263.3,85,22.38,214.4,97,9.65,11.1,4,3.0,0,0,0,1,682.1,252,67.89,2.706746031746032,0.0,Low Risk
AZ,82,415,No,Yes,33,137.8,95,23.43,235.5,128,20.02,268.1,70,12.06,11.0,6,2.97,2,0,0,1,652.4000000000001,299,58.480000000000004,2.181939799331104,0.01,Low Risk
ID,130,415,No,No,0,263.7,113,44.83,186.5,103,15.85,195.3,99,8.79,18.3,6,4.94,1,1,0,0,663.8,321,74.41,2.06791277258567,0.82,High Risk
TX,130,408,No,No,0,252.0,101,42.84,170.2,105,14.47,209.2,64,9.41,5.7,5,1.54,0,0,0,0,637.1,275,68.26,2.316727272727273,0.01,Low Risk
RI,155,408,Yes,No,0,163.1,94,27.73,291.7,108,24.79,96.4,111,4.34,11.2,3,3.02,0,0,1,0,562.4,316,59.88,1.779746835443038,0.34,Medium Risk
OR,81,415,No,No,0,324.7,48,55.2,236.4,82,20.09,187.6,78,8.44,13.1,5,3.54,0,1,0,0,761.8000000000001,213,87.27000000000001,3.5765258215962445,0.85,High Risk
NC,75,408,No,No,0,203.3,70,34.56,228.9,97,19.46,222.2,118,10.0,14.3,3,3.86,1,0,0,0,668.7,288,67.88000000000001,2.3218750000000004,0.03,Low Risk
NM,178,415,No,Yes,35,175.4,88,29.82,190.0,65,16.15,138.7,94,6.24,10.5,3,2.84,2,0,0,1,514.5999999999999,250,55.05,2.0584,0.02,Low Risk
SC,112,415,No,No,0,266.0,97,45.22,214.6,94,18.24,306.2,100,13.78,14.2,2,3.83,2,1,0,0,801.0,293,81.07,2.733788395904437,0.82,High Risk
AZ,100,510,No,No,0,78.7,98,13.38,225.6,102,19.18,150.4,106,6.77,14.0,8,3.78,0,0,0,0,468.70000000000005,314,43.11,1.4926751592356688,0.03,Low Risk
WV,104,415,No,No,0,225.9,123,38.4,162.8,106,13.84,272.1,85,12.24,10.1,4,2.73,1,0,0,0,670.9000000000001,318,67.21,2.1097484276729563,0.01,Low Risk
NY,160,408,No,No,0,216.8,77,36.86,207.3,117,17.62,228.6,117,10.29,5.6,2,1.51,1,0,0,0,658.3000000000001,313,66.28000000000002,2.1031948881789138,0.01,Low Risk
WV,87,415,No,No,0,58.0,125,9.86,67.5,116,5.74,185.9,136,8.37,11.5,3,3.11,0,0,0,0,322.9,380,27.08,0.8497368421052631,0.07,Low Risk
NM,81,415,No,No,0,173.2,80,29.44,236.2,94,20.08,240.2,84,10.81,11.8,6,3.19,2,0,0,0,661.3999999999999,264,63.519999999999996,2.50530303030303,0.01,Low Risk
ME,28,415,No,No,0,236.8,102,40.26,167.1,87,14.2,280.2,115,12.61,9.7,3,2.62,3,0,0,0,693.8,307,69.69,2.2599348534201953,0.06,Low Risk
WI,95,408,No,No,0,237.3,83,40.34,154.0,65,13.09,237.0,105,10.67,11.2,6,3.02,1,0,0,0,639.5,259,67.12,2.469111969111969,0.04,Low Risk
NJ,35,408,No,No,0,158.6,67,26.96,130.4,96,11.08,229.8,80,10.34,6.9,5,1.86,2,0,0,0,525.6999999999999,248,50.239999999999995,2.119758064516129,0.04,Low Risk
WY,134,510,No,No,0,296.0,93,50.32,226.4,117,19.24,246.8,98,11.11,12.3,10,3.32,0,1,0,0,781.5,318,83.99,2.457547169811321,0.96,High Risk
AR,185,415,No,Yes,19,157.3,123,26.74,257.7,94,21.9,190.4,107,8.57,9.6,6,2.59,0,0,0,1,615.0,330,59.8,1.8636363636363635,0.03,Low Risk
PA,85,408,No,No,0,144.4,88,24.55,264.6,105,22.49,185.4,94,8.34,9.9,3,2.67,1,0,0,0,604.3,290,58.05,2.0837931034482757,0.0,Low Risk
TN,148,415,No,Yes,36,77.6,141,13.19,207.0,60,17.6,255.7,115,11.51,10.9,2,2.94,1,0,0,1,551.1999999999999,318,45.239999999999995,1.7333333333333332,0.06,Low Risk
CT,134,408,No,Yes,32,80.3,94,13.65,199.9,124,16.99,170.8,117,7.69,16.6,3,4.48,0,0,0,1,467.6,338,42.81,1.383431952662722,0.01,Low Risk
MA,80,408,No,Yes,36,190.3,115,32.35,256.6,78,21.81,214.9,145,9.67,3.8,4,1.03,1,0,0,1,665.6,342,64.86,1.9461988304093567,0.0,Low Risk
OH,165,510,No,No,0,209.4,67,35.6,273.8,89,23.27,150.2,88,6.76,12.8,1,3.46,0,0,0,0,646.2,245,69.09,2.6375510204081634,0.02,Low Risk
KS,65,415,No,Yes,34,208.8,119,35.5,142.1,106,12.08,214.6,87,9.66,12.5,4,3.38,4,0,0,1,578.0,316,60.62,1.8291139240506329,0.14,Low Risk
OK,104,415,No,No,0,113.6,87,19.31,158.6,98,13.48,187.7,87,8.45,10.5,6,2.84,2,0,0,0,470.4,278,44.08,1.6920863309352516,0.03,Low Risk
UT,44,415,No,No,0,202.6,89,34.44,163.0,96,13.86,268.1,151,12.06,8.3,3,2.24,0,0,0,0,642.0,339,62.6,1.8938053097345133,0.0,Low Risk
OH,162,415,No,No,0,135.2,98,22.98,242.0,107,20.57,246.9,96,11.11,10.2,2,2.75,2,0,0,0,634.3000000000001,303,57.41,2.0933993399339936,0.02,Low Risk
WA,96,415,No,No,0,276.9,105,47.07,246.9,94,20.99,254.4,107,11.45,10.3,3,2.78,1,1,0,0,788.4999999999999,309,82.29,2.5517799352750807,0.95,High Risk
IN,72,510,No,No,0,287.4,116,48.86,235.3,126,20.0,292.1,114,13.14,5.0,3,1.35,4,1,0,0,819.8000000000001,359,83.35,2.283565459610028,0.94,High Risk
NE,31,415,No,No,0,97.5,129,16.58,260.4,78,22.13,88.7,100,3.99,7.0,5,1.89,1,0,0,0,453.59999999999997,312,44.589999999999996,1.4538461538461538,0.01,Low Risk
AL,72,415,No,No,0,166.5,102,28.31,261.0,103,22.19,262.7,85,11.82,13.3,5,3.59,0,0,0,0,703.5,295,65.91,2.3847457627118644,0.0,Low Risk
PA,136,408,No,No,0,102.1,75,17.36,219.5,97,18.66,73.7,92,3.32,9.8,5,2.65,0,0,0,0,405.1,269,41.989999999999995,1.5059479553903345,0.09,Low Risk
OR,82,415,No,Yes,19,146.5,73,24.91,246.4,65,20.94,199.0,114,8.96,4.1,4,1.11,1,0,0,1,596.0,256,55.92,2.328125,0.0,Low Risk
MN,155,408,Yes,No,0,250.8,146,42.64,152.5,105,12.96,148.1,104,6.66,10.0,5,2.7,2,0,1,0,561.4,360,64.96000000000001,1.5594444444444444,0.05,Low Risk
GA,136,415,No,No,0,163.4,83,27.78,249.3,119,21.19,249.7,90,11.24,9.8,4,2.65,7,0,0,0,672.2,296,62.86,2.2709459459459462,0.05,Low Risk
TX,57,415,No,No,0,161.0,113,27.37,208.0,134,17.68,208.1,81,9.36,8.4,4,2.27,3,0,0,0,585.5,332,56.68,1.7635542168674698,0.0,Low Risk
NM,112,415,No,No,0,81.6,94,13.87,268.1,112,22.79,140.8,75,6.34,8.6,18,2.32,1,0,0,0,499.1000000000001,299,45.32,1.6692307692307695,0.03,Low Risk
NC,95,408,No,No,0,128.6,115,21.86,216.2,88,18.38,255.3,96,11.49,6.3,2,1.7,6,1,0,0,606.3999999999999,301,53.43,2.014617940199335,0.91,High Risk
ID,113,415,No,Yes,30,183.8,102,31.25,183.4,123,15.59,235.0,52,10.58,11.6,7,3.13,0,0,0,1,613.8000000000001,284,60.550000000000004,2.161267605633803,0.0,Low Risk
WI,103,415,No,No,0,180.2,134,30.63,97.7,85,8.3,181.7,134,8.18,8.4,3,2.27,1,0,0,0,467.99999999999994,356,49.38,1.3146067415730336,0.01,Low Risk
SC,149,415,No,Yes,20,147.8,132,25.13,276.8,94,23.53,149.9,110,6.75,10.2,6,2.75,0,0,0,1,584.7,342,58.16,1.7096491228070176,0.08,Low Risk
NV,116,408,No,No,0,110.9,54,18.85,213.4,82,18.14,186.2,116,8.38,7.9,2,2.13,2,0,0,0,518.4,254,47.50000000000001,2.0409448818897635,0.03,Low Risk
NE,95,510,No,No,0,58.2,96,9.89,202.1,126,17.18,210.5,97,9.47,10.4,5,2.81,0,0,0,0,481.2,324,39.35,1.4851851851851852,0.07,Low Risk
UT,201,510,No,No,0,212.7,72,36.16,225.2,90,19.14,195.1,99,8.78,7.0,6,1.89,1,0,0,0,640.0,267,65.97,2.397003745318352,0.02,Low Risk
HI,150,415,No,No,0,214.0,117,36.38,192.4,89,16.35,242.6,99,10.92,7.9,4,2.13,1,0,0,0,656.9,309,65.78,2.1258899676375402,0.01,Low Risk
MI,108,408,Yes,No,0,115.1,114,19.57,211.3,70,17.96,136.1,85,6.12,13.8,3,3.73,2,1,1,0,476.3,272,47.379999999999995,1.7511029411764707,0.57,Medium Risk
MO,101,415,Yes,No,0,156.4,116,26.59,130.4,114,11.08,207.3,109,9.33,7.3,5,1.97,1,0,1,0,501.40000000000003,344,48.97,1.4575581395348838,0.08,Low Risk
AL,182,415,No,Yes,24,128.1,104,21.78,143.4,127,12.19,191.0,98,8.59,11.6,3,3.13,1,0,0,1,474.1,332,45.690000000000005,1.4280120481927712,0.01,Low Risk
VT,128,408,No,No,0,227.9,130,38.74,302.6,71,25.72,191.5,82,8.62,5.5,7,1.49,1,1,0,0,727.5,290,74.57000000000001,2.5086206896551726,0.86,High Risk
VA,113,408,No,Yes,34,44.9,63,7.63,134.2,82,11.41,168.4,118,7.58,13.3,3,3.59,1,0,0,1,360.8,266,30.209999999999997,1.3563909774436091,0.04,Low Risk
RI,76,415,No,No,0,171.1,78,29.09,257.2,83,21.86,91.6,92,4.12,16.2,3,4.37,1,0,0,0,536.1,256,59.44,2.094140625,0.03,Low Risk
MD,204,510,No,No,0,205.2,145,34.88,154.8,95,13.16,191.4,77,8.61,14.1,5,3.81,3,0,0,0,565.5,322,60.46000000000001,1.7562111801242235,0.01,Low Risk
OH,32,415,No,Yes,31,232.8,97,39.58,183.5,111,15.6,206.8,111,9.31,13.0,2,3.51,0,0,0,1,636.1,321,68.0,1.9816199376947041,0.0,Low Risk
CO,103,415,No,Yes,37,153.5,78,26.1,241.9,108,20.56,244.7,110,11.01,10.6,3,2.86,1,0,0,1,650.6999999999999,299,60.529999999999994,2.1762541806020064,0.02,Low Risk
UT,148,510,No,No,0,203.0,92,34.51,150.9,125,12.83,245.5,131,11.05,14.6,9,3.94,1,0,0,0,614.0,357,62.33,1.719887955182073,0.03,Low Risk
CO,57,415,No,No,0,85.9,92,14.6,193.9,127,16.48,231.5,93,10.42,10.1,2,2.73,0,0,0,0,521.4,314,44.23,1.6605095541401274,0.03,Low Risk
KY,64,415,Yes,No,0,146.7,83,24.94,148.3,91,12.61,238.6,69,10.74,12.5,3,3.38,3,0,1,0,546.1,246,51.67,2.219918699186992,0.11,Low Risk
DC,70,415,No,No,0,152.8,145,25.98,183.6,102,15.61,151.8,75,6.83,10.5,2,2.84,1,0,0,0,498.7,324,51.260000000000005,1.5391975308641974,0.02,Low Risk
MA,142,408,No,No,0,216.8,134,36.86,187.8,106,15.96,138.1,108,6.21,8.3,2,2.24,0,0,0,0,551.0,350,61.27,1.5742857142857143,0.02,Low Risk
AZ,88,415,No,No,0,172.8,81,29.38,193.4,90,16.44,89.6,107,4.03,12.8,5,3.46,2,0,0,0,468.6000000000001,283,53.31,1.6558303886925798,0.01,Low Risk
IL,131,510,No,No,0,263.4,123,44.78,151.9,74,12.91,218.5,101,9.83,10.7,2,2.89,2,0,0,0,644.5,300,70.41,2.1483333333333334,0.01,Low Risk
CO,130,408,No,No,0,271.8,129,46.21,237.2,128,20.16,210.1,91,9.45,8.7,2,2.35,4,1,0,0,727.8000000000001,350,78.17,2.0794285714285716,0.68,Medium Risk
OR,166,510,No,No,0,199.6,93,33.93,214.3,99,18.22,196.8,110,8.86,7.2,5,1.94,3,0,0,0,617.9000000000001,307,62.949999999999996,2.0127035830618896,0.01,Low Risk
MS,130,510,No,No,0,203.9,63,34.66,191.8,93,16.3,132.5,125,5.96,12.1,4,3.27,3,0,0,0,540.3000000000001,285,60.19,1.8957894736842107,0.0,Low Risk
SC,111,510,No,No,0,78.3,119,13.31,198.2,94,16.85,248.5,94,11.18,12.1,4,3.27,1,0,0,0,537.1,311,44.61000000000001,1.7270096463022508,0.01,Low Risk
IN,100,415,No,Yes,32,125.2,123,21.28,230.9,101,19.63,192.0,106,8.64,12.6,9,3.4,3,0,0,1,560.7,339,52.949999999999996,1.653982300884956,0.02,Low Risk
ME,57,415,No,No,0,221.1,101,37.59,236.7,65,20.12,252.3,137,11.35,9.5,1,2.57,0,0,0,0,719.5999999999999,304,71.63,2.3671052631578946,0.02,Low Risk
DE,139,408,No,No,0,139.0,110,23.63,132.9,93,11.3,272.0,120,12.24,12.1,1,3.27,0,0,0,0,556.0,324,50.440000000000005,1.7160493827160495,0.0,Low Risk
OR,113,415,No,No,0,159.8,143,27.17,210.1,93,17.86,175.1,86,7.88,13.1,7,3.54,2,0,0,0,558.1,329,56.45,1.6963525835866262,0.03,Low Risk
NJ,108,415,No,No,0,239.3,102,40.68,223.4,127,18.99,251.4,104,11.31,10.6,6,2.86,0,0,0,0,724.7,339,73.84,2.1377581120943954,0.03,Low Risk
MT,100,415,No,No,0,113.3,96,19.26,197.9,89,16.82,284.5,93,12.8,11.7,2,3.16,4,1,0,0,607.4000000000001,280,52.03999999999999,2.1692857142857145,0.79,High Risk
WV,120,510,No,No,0,192.6,123,32.74,206.4,105,17.54,283.2,93,12.74,10.8,3,2.92,1,0,0,0,693.0,324,65.94,2.138888888888889,0.01,Low Risk
NJ,107,408,No,Yes,36,96.3,83,16.37,179.6,91,15.27,166.3,121,7.48,10.3,2,2.78,1,0,0,1,452.5,297,41.900000000000006,1.5235690235690236,0.07,Low Risk
IN,104,408,No,No,0,280.4,127,47.67,179.4,79,15.25,150.6,77,6.78,15.2,6,4.1,5,0,0,0,625.6,289,73.8,2.164705882352941,0.16,Low Risk
NM,62,415,No,No,0,245.3,91,41.7,122.9,130,10.45,228.4,102,10.28,8.5,4,2.3,4,0,0,0,605.1,327,64.73,1.8504587155963304,0.03,Low Risk
MT,34,415,No,Yes,14,151.5,100,25.76,248.7,126,21.14,199.8,120,8.99,10.7,5,2.89,2,0,0,1,610.7,351,58.78000000000001,1.73988603988604,0.01,Low Risk
NM,183,415,No,No,0,190.0,100,32.3,246.6,78,20.96,304.2,107,13.69,9.5,4,2.57,1,0,0,0,750.3,289,69.52,2.5961937716262975,0.03,Low Risk
IL,123,408,No,No,0,114.8,94,19.52,150.0,104,12.75,268.6,119,12.09,9.6,4,2.59,2,0,0,0,543.0000000000001,321,46.95,1.6915887850467293,0.03,Low Risk
IN,64,408,No,No,0,113.8,97,19.35,192.3,97,16.35,214.9,89,9.67,10.4,1,2.81,3,0,0,0,531.4,284,48.18000000000001,1.8711267605633801,0.0,Low Risk
ND,27,415,No,No,0,227.4,67,38.66,248.0,115,21.08,61.4,109,2.76,7.8,6,2.11,1,0,0,0,544.5999999999999,297,64.61,1.8336700336700333,0.08,Low Risk
NH,123,408,No,No,0,224.0,99,38.08,210.7,80,17.91,231.9,75,10.44,2.1,5,0.57,0,0,0,0,668.7,259,66.99999999999999,2.5818532818532822,0.0,Low Risk
NM,84,408,No,Yes,41,153.9,102,26.16,140.7,117,11.96,217.7,101,9.8,12.8,5,3.46,1,0,0,1,525.0999999999999,325,51.38,1.6156923076923073,0.01,Low Risk
LA,91,415,No,No,0,190.5,128,32.39,205.5,103,17.47,130.7,63,5.88,13.8,5,3.73,0,0,0,0,540.5,299,59.47,1.8076923076923077,0.0,Low Risk
KY,95,510,No,No,0,157.3,116,26.74,197.5,77,16.79,128.2,111,5.77,8.4,4,2.27,2,0,0,0,491.4,308,51.57,1.5954545454545455,0.04,Low Risk
WV,73,415,No,No,0,240.3,130,40.85,162.5,83,13.81,231.9,136,10.44,11.9,3,3.21,0,0,0,0,646.6,352,68.31,1.8369318181818182,0.0,Low Risk
WV,58,408,No,Yes,39,211.9,40,36.02,274.4,76,23.32,210.5,139,9.47,5.4,4,1.46,1,0,0,1,702.1999999999999,259,70.27,2.711196911196911,0.02,Low Risk
IA,88,415,No,No,0,113.7,67,19.33,165.1,127,14.03,141.5,142,6.37,10.8,3,2.92,1,0,0,0,431.1,339,42.65,1.2716814159292036,0.02,Low Risk
NE,67,415,No,Yes,41,174.7,86,29.7,160.6,93,13.65,155.3,108,6.99,13.4,1,3.62,0,0,0,1,503.99999999999994,288,53.96,1.7499999999999998,0.02,Low Risk
WA,152,510,No,No,0,161.4,84,27.44,163.6,88,13.91,153.2,121,6.89,11.8,5,3.19,1,0,0,0,490.0,298,51.43,1.6442953020134228,0.03,Low Risk
PA,142,510,No,Yes,40,230.7,101,39.22,256.8,88,21.83,263.9,92,11.88,6.4,3,1.73,1,0,0,1,757.8,284,74.66,2.6683098591549292,0.09,Low Risk
ID,105,408,No,No,0,232.6,96,39.54,253.4,117,21.54,154.0,101,6.93,10.5,9,2.84,1,0,0,0,650.5,323,70.85,2.013931888544892,0.02,Low Risk
DC,93,408,No,Yes,22,306.2,123,52.05,189.7,83,16.12,240.3,107,10.81,11.7,2,3.16,0,0,0,1,747.9000000000001,315,82.14,2.3742857142857146,0.12,Low Risk
KY,79,415,No,No,0,236.8,135,40.26,186.4,87,15.84,126.9,112,5.71,10.4,5,2.81,2,0,0,0,560.5,339,64.61999999999999,1.6533923303834808,0.0,Low Risk
SC,88,408,No,No,0,153.5,94,26.1,251.7,118,21.39,182.2,99,8.2,8.5,6,2.3,1,0,0,0,595.9,317,57.989999999999995,1.8798107255520504,0.0,Low Risk
NC,110,408,No,No,0,159.5,145,27.12,202.3,101,17.2,256.0,96,11.52,16.7,2,4.51,2,0,0,0,634.5,344,60.35,1.8444767441860466,0.07,Low Risk
NY,209,415,No,No,0,153.7,105,26.13,188.6,87,16.03,200.8,95,9.04,10.7,2,2.89,0,0,0,0,553.8,289,54.089999999999996,1.9162629757785465,0.0,Low Risk
OR,27,510,No,No,0,232.1,81,39.46,210.8,101,17.92,165.4,87,7.44,15.0,6,4.05,5,0,0,0,623.3,275,68.87,2.2665454545454544,0.03,Low Risk
IL,117,415,No,No,0,201.9,86,34.32,212.3,96,18.05,176.9,98,7.96,7.8,10,2.11,1,0,0,0,598.9,290,62.440000000000005,2.0651724137931033,0.0,Low Risk
MA,87,408,No,No,0,186.9,79,31.77,182.6,105,15.52,143.1,90,6.44,4.2,14,1.13,1,0,0,0,516.8000000000001,288,54.86,1.7944444444444447,0.0,Low Risk
CT,129,510,No,Yes,27,196.6,89,33.42,180.6,95,15.35,245.0,83,11.03,6.6,5,1.78,1,0,0,1,628.8000000000001,272,61.580000000000005,2.311764705882353,0.01,Low Risk
WI,142,510,No,No,0,232.1,102,39.46,168.2,110,14.3,197.3,120,8.88,9.9,3,2.67,1,0,0,0,607.4999999999999,335,65.31,1.813432835820895,0.01,Low Risk
OK,112,415,No,No,0,166.0,79,28.22,74.6,100,6.34,247.9,74,11.16,6.3,7,1.7,0,0,0,0,494.8,260,47.42,1.903076923076923,0.01,Low Risk
AZ,97,408,No,Yes,25,141.0,101,23.97,212.0,85,18.02,175.2,138,7.88,4.9,2,1.32,3,0,0,1,533.1,326,51.19,1.635276073619632,0.0,Low Risk
KS,101,415,No,No,0,231.3,87,39.32,224.7,88,19.1,214.6,69,9.66,7.2,7,1.94,1,0,0,0,677.8000000000001,251,70.02,2.7003984063745023,0.01,Low Risk
KS,127,415,No,Yes,24,154.8,69,26.32,177.2,105,15.06,207.6,102,9.34,9.0,4,2.43,1,0,0,1,548.6,280,53.15,1.9592857142857143,0.0,Low Risk
WY,148,408,No,No,0,243.0,115,41.31,191.8,91,16.3,117.8,93,5.3,13.4,5,3.62,2,0,0,0,566.0,304,66.53,1.861842105263158,0.0,Low Risk
OK,138,510,No,Yes,33,155.2,139,26.38,268.3,79,22.81,186.4,71,8.39,9.7,4,2.62,3,0,0,1,619.6,293,60.199999999999996,2.1146757679180888,0.04,Low Risk
WA,84,415,No,No,0,289.1,100,49.15,233.8,97,19.87,223.5,148,10.06,12.7,2,3.43,2,1,0,0,759.1000000000001,347,82.51,2.1876080691642654,0.98,High Risk
MD,133,510,No,No,0,295.0,141,50.15,223.6,101,19.01,229.4,109,10.32,12.9,4,3.48,2,1,0,0,760.9,355,82.96,2.1433802816901406,0.96,High Risk
NY,120,510,No,Yes,27,128.5,115,21.85,163.7,91,13.91,242.9,121,10.93,0.0,0,0.0,1,0,0,1,535.1,327,46.690000000000005,1.6363914373088686,0.01,Low Risk
WI,87,415,No,No,0,238.0,97,40.46,164.5,97,13.98,282.5,132,12.71,10.6,6,2.86,2,0,0,0,695.6,332,70.01,2.095180722891566,0.0,Low Risk
AK,99,510,No,No,0,238.4,96,40.53,246.5,130,20.95,198.4,117,8.93,12.4,4,3.35,3,0,0,0,695.6999999999999,347,73.75999999999999,2.004899135446686,0.02,Low Risk
AZ,48,415,No,Yes,27,141.1,109,23.99,224.7,94,19.1,174.3,122,7.84,13.2,2,3.56,1,0,0,1,553.3,327,54.49000000000001,1.6920489296636083,0.01,Low Risk
KS,57,415,No,No,0,158.1,117,26.88,115.2,149,9.79,182.4,92,8.21,11.8,7,3.19,0,0,0,0,467.50000000000006,365,48.07,1.2808219178082194,0.06,Low Risk
CA,127,510,No,No,0,107.9,128,18.34,187.0,77,15.9,218.5,95,9.83,0.0,0,0.0,0,0,0,0,513.4,300,44.07,1.7113333333333332,0.0,Low Risk
IN,114,408,No,No,0,203.8,85,34.65,87.8,110,7.46,166.2,122,7.48,11.7,4,3.16,1,0,0,0,469.5,321,52.75,1.4626168224299065,0.09,Low Risk
CA,84,415,No,No,0,280.0,113,47.6,202.2,90,17.19,156.8,103,7.06,10.4,4,2.81,0,1,0,0,649.4,310,74.66000000000001,2.0948387096774193,0.88,High Risk
WI,114,415,No,Yes,26,137.1,88,23.31,155.7,125,13.23,247.6,94,11.14,11.5,7,3.11,2,0,0,1,551.9,314,50.79,1.7576433121019108,0.0,Low Risk
AL,106,408,No,Yes,29,83.6,131,14.21,203.9,131,17.33,229.5,73,10.33,8.1,3,2.19,1,0,0,1,525.1,338,44.059999999999995,1.5535502958579883,0.03,Low Risk
VT,60,415,No,No,0,193.9,118,32.96,85.0,110,7.23,210.1,134,9.45,13.2,8,3.56,3,0,0,0,502.2,370,53.2,1.3572972972972972,0.07,Low Risk
WV,159,415,No,No,0,169.8,114,28.87,197.7,105,16.8,193.7,82,8.72,11.6,4,3.13,1,0,0,0,572.8000000000001,305,57.52,1.8780327868852462,0.0,Low Risk
CT,184,510,Yes,No,0,213.8,105,36.35,159.6,84,13.57,139.2,137,6.26,5.0,10,1.35,2,0,1,0,517.5999999999999,336,57.53,1.54047619047619,0.05,Low Risk
